标准专业,门类,专业类,专业代码,考试轨道,来源,待确认,开设次数,示例招生名
中药制药,医学,医学类,,校考,名称规则,否,1,中药制药
中药学,医学,医学类,,混合,名称规则,否,5,中药学
书法学,艺术学,艺术设计类,,校考,名称规则,是,1,书法学
互联网金融,经济学,经济学类,,混合,名称规则,否,3,互联网金融
交通工程,工学,土木类,,统考,名称规则,是,1,交通工程
交通运输,工学,机械类,,统考,名称规则,是,1,交通运输
产品设计,艺术学,艺术设计类,130504,统考,统考表,否,10,产品设计
人力资源管理,管理学,工商管理类,120206,统考,统考表,否,15,人力资源管理
人工智能,工学,计算机类,,混合,名称规则,否,6,人工智能｜人工智能（产教融合创新班）｜人工智能（卓越创新班）
人文地理与城乡规划,工学,土木类,,校考,名称规则,是,2,人文地理与城乡规划
企业数字化管理,管理学,市场营销类,,统考,名称规则,是,1,企业数字化管理
休闲体育,教育学,教育学类,,校考,名称规则,是,2,休闲体育
会展经济与管理,管理学,市场营销类,,校考,名称规则,是,1,会展经济与管理
会计学,管理学,工商管理类,120203,统考,统考表,否,23,会计学｜会计学（中英双语创新班）｜会计学（国际会计班）｜会计学（注册会计师）
传播学,文学,汉语言文学类,,校考,名称规则,是,1,传播学
体育教育,教育学,教育学类,,校考,名称规则,否,2,体育教育
供应链管理,管理学,市场营销类,,统考,名称规则,否,2,供应链管理
俄语,文学,英语类,,校考,名称规则,是,1,俄语
信息管理与信息系统,管理学,计算机类,,混合,名称规则,是,3,信息管理与信息系统
信息资源管理,管理学,行政管理类,,校考,科目推断,是,1,信息资源管理
健康服务与管理,管理学,行政管理类,,混合,名称规则,是,5,健康服务与管理
公共事业管理,管理学,行政管理类,,混合,名称规则,否,2,公共事业管理
公共关系学,管理学,行政管理类,,统考,名称规则,是,2,公共关系学
公共艺术,艺术学,艺术设计类,130506,统考,统考表,否,2,公共艺术
制药工程,工学,食品科学与工程类,,校考,名称规则,是,1,制药工程
动物科学,农学,农学类,,校考,名称规则,否,1,动物科学
动画,艺术学,艺术设计类,,统考,名称规则,否,6,动画
劳动与社会保障,管理学,行政管理类,,校考,名称规则,是,2,劳动与社会保障｜劳动社会保障
化妆品科学与技术,医学,医学类,,校考,名称规则,是,1,化妆品科学与技术
化学工程与工艺,工学,食品科学与工程类,,校考,名称规则,是,1,化学工程与工艺
医学影像技术,医学,医学类,,校考,名称规则,否,1,医学影像技术
医学检验技术,医学,医学类,,校考,名称规则,否,1,医学检验技术
医疗保险,管理学,行政管理类,,统考,名称规则,是,1,医疗保险
合成生物技术,理学,生物类,,校考,名称规则,是,1,合成生物技术
听力与言语康复学,医学,医学类,,校考,名称规则,否,1,听力与言语康复学
商务英语,文学,英语类,50262,统考,统考表,否,16,商务英语｜商务英语（中英双语创新班）
园林,农学,农学类,,校考,名称规则,是,1,园林
园林景观工程,农学,农学类,,校考,名称规则,是,1,园林景观工程
国际商务,管理学,市场营销类,,混合,名称规则,是,3,国际商务｜国际商务（中英双语创新班）
国际经济与贸易,经济学,国际经济与贸易类,330501,统考,统考表,否,21,国际经济与贸易｜国际经济与贸易（跨境电商和国际物流）
土地科学与技术,工学,土木类,,校考,名称规则,是,1,土地科学与技术
土木工程,工学,土木类,,校考,科目推断,否,7,土木工程
城乡规划,工学,土木类,,校考,名称规则,否,2,城乡规划
大数据与会计,管理学,工商管理类,330302,统考,统考表,否,2,大数据与会计
大数据与财务管理,管理学,工商管理类,330301,统考,统考表,否,3,大数据与财务管理
大数据工程技术,工学,计算机类,310205,统考,统考表,否,2,大数据工程技术
大数据管理与应用,管理学,工商管理类,,混合,名称规则,是,5,大数据管理与应用
学前教育,教育学,教育学类,370101,统考,统考表,否,16,学前教育｜学前教育(师范)｜学前教育（师范）
安全工程,工学,土木类,,校考,名称规则,是,1,安全工程
宝石及材料工艺学,工学,机械类,,统考,名称规则,是,1,宝石及材料工艺学
审计学,管理学,工商管理类,,混合,名称规则,否,6,审计学
小学教育,教育学,教育学类,,混合,名称规则,否,8,小学教育｜小学教育（师范）｜小学教育（数学）｜小学教育（英语）｜小学教育（语文）
工业工程,工学,机械类,120701,统考,统考表,否,1,工业工程
工业设计,工学,机械类,,统考,名称规则,是,1,工业设计
工商管理,管理学,工商管理类,120201,统考,统考表,否,17,工商管理｜工商管理（创新班）
工程管理,管理学,工商管理类,,校考,名称规则,是,4,工程管理
工程造价,管理学,工商管理类,,校考,名称规则,是,7,工程造价
工艺美术,艺术学,艺术设计类,130507,统考,统考表,否,2,工艺美术
市场营销,管理学,工商管理类,120202,统考,统考表,否,20,市场营销
广告学,文学,汉语言文学类,,统考,名称规则,是,2,广告学
广播电视编导,艺术学,艺术设计类,,校考,名称规则,是,1,广播电视编导
应用化学,理学,生物类,,校考,名称规则,是,1,应用化学
应用心理学,理学,数学类,,统考,名称规则,是,1,应用心理学
应用英语,文学,英语类,370201,统考,统考表,否,3,应用英语
康复治疗,医学,医学类,,校考,名称规则,否,1,康复治疗
康复治疗学,医学,医学类,,校考,名称规则,否,3,康复治疗学
建筑学,工学,土木类,,混合,名称规则,否,3,建筑学｜建筑学（城市更新方向）｜建筑学（智慧人居环境方向）
建筑工程,工学,土木类,,统考,名称规则,否,1,建筑工程
建筑环境与能源应用工程,工学,土木类,,校考,名称规则,否,1,建筑环境与能源应用工程
建筑设计,工学,土木类,,统考,名称规则,是,1,建筑设计
影视摄影与制作,艺术学,艺术设计类,,校考,名称规则,是,1,影视摄影与制作
微电子科学与工程,工学,电子信息类,,统考,名称规则,否,1,微电子科学与工程
戏剧影视导演,艺术学,艺术设计类,,校考,名称规则,是,1,戏剧影视导演
戏剧影视文学,艺术学,艺术设计类,,校考,名称规则,是,1,戏剧影视文学
投资学,经济学,经济学类,20304,统考,统考表,否,6,投资学
护理学,医学,医学类,,校考,名称规则,否,12,护理｜护理学｜护理学（国际护理全英班）
摄影,艺术学,艺术设计类,,校考,名称规则,是,2,摄影
播音与主持艺术,艺术学,音乐与舞蹈类,,校考,名称规则,是,1,播音与主持艺术
数字印刷工程,工学,计算机类,,统考,名称规则,是,1,数字印刷工程
数字媒体技术,工学,计算机类,,混合,名称规则,否,11,数字媒体技术
数字媒体艺术,艺术学,艺术设计类,,混合,名称规则,否,10,数字媒体艺术
数字经济,经济学,经济学类,,混合,名称规则,否,4,数字经济
数学与应用数学,理学,数学类,70101,统考,统考表,否,4,数学与应用数学(师范)
数据科学与大数据技术,工学,计算机类,,混合,名称规则,否,10,数据科学与大数据技术｜数据科学与大数据技术（产教融合创新班）
文化产业管理,管理学,市场营销类,,混合,名称规则,是,3,文化产业管理
新媒体艺术,艺术学,艺术设计类,,统考,名称规则,否,1,新媒体艺术
新能源汽车工程,工学,机械类,,统考,科目推断,否,1,新能源汽车工程
新闻学,文学,汉语言文学类,,混合,名称规则,是,3,新闻学
旅游管理,管理学,市场营销类,,混合,科目推断,否,9,旅游管理
无人驾驶航空器系统工程,工学,电子信息类,,统考,名称规则,是,1,无人驾驶航空器系统工程
日语,文学,英语类,,校考,名称规则,是,11,日语
时尚传播,文学,汉语言文学类,,统考,名称规则,是,1,时尚传播
智能制造工程,工学,机械类,,统考,科目推断,否,3,智能制造工程
智能制造工程技术,工学,机械类,,统考,名称规则,否,1,智能制造工程技术
智能科学与技术,工学,计算机类,,统考,名称规则,否,2,智能科学与技术
服装与服饰设计,艺术学,艺术设计类,,混合,名称规则,否,7,服装与服饰设计
服装设计与工程,工学,机械类,,校考,名称规则,是,3,服装设计与工程
朝鲜语,文学,英语类,,校考,名称规则,是,1,朝鲜语
机器人工程,工学,自动化类,80803,统考,统考表,否,4,机器人工程
机器人技术,工学,自动化类,260304,统考,统考表,否,1,机器人技术
机械工程,工学,机械类,,统考,科目推断,否,1,机械工程
机械电子工程,工学,机械类,80204,混合,统考表,否,6,机械电子工程
机械电子工程技术,工学,机械类,,统考,名称规则,否,1,机械电子工程技术
机械设计制造及其自动化,工学,机械类,260101,统考,统考表,否,12,机械设计制造及其自动化｜机械设计制造及自动化
材料成型及控制工程,工学,机械类,80203,统考,统考表,否,1,材料成型及控制工程
材料科学与工程,工学,机械类,,校考,科目推断,是,1,材料科学与工程
林学,农学,农学类,,统考,名称规则,否,1,林学
标准化工程,管理学,工商管理类,,校考,科目推断,是,1,标准化工程
水产养殖学,农学,农学类,,校考,名称规则,否,1,水产养殖学
汉语国际教育,文学,汉语言文学类,50103,统考,统考表,否,4,汉语国际教育
汉语言文学,文学,汉语言文学类,50101,统考,统考表,否,15,汉语言文学｜汉语言文学(师范)｜汉语言文学（师范）
汽车服务工程,工学,机械类,80208,统考,统考表,否,3,汽车服务工程
汽车服务工程技术,工学,机械类,300203,统考,统考表,否,1,汽车服务工程技术
法学,法学,法学类,30101,统考,统考表,否,7,法学
烹饪与营养教育,教育学,教育学类,,校考,名称规则,是,1,烹饪与营养教育
物流工程,管理学,市场营销类,,校考,名称规则,是,1,物流工程
物流工程技术,管理学,市场营销类,,统考,名称规则,是,1,物流工程技术
物流管理,管理学,市场营销类,,混合,科目推断,否,15,物流管理
物联网工程,工学,计算机类,80905,统考,统考表,否,4,物联网工程
环境工程,工学,土木类,,校考,名称规则,否,3,环境工程
环境艺术设计,艺术学,艺术设计类,350106,统考,统考表,否,2,环境艺术设计
环境设计,艺术学,艺术设计类,130503,统考,统考表,否,11,环境设计
现代物流管理,管理学,市场营销类,,混合,名称规则,是,3,现代物流管理
现代精细化工技术,工学,食品科学与工程类,,校考,名称规则,是,1,现代精细化工技术
珠宝首饰设计与工艺,艺术学,艺术设计类,,统考,名称规则,否,1,珠宝首饰设计与工艺
生物医学工程,工学,电子信息类,,校考,名称规则,是,1,生物医学工程
生物技术,理学,生物类,71002,统考,统考表,否,4,生物技术
电子与计算机工程,工学,计算机类,,统考,名称规则,否,1,电子与计算机工程
电子信息工程,工学,电子信息类,80701,统考,统考表,否,13,电子信息工程
电子信息科学与技术,工学,电子信息类,80714,统考,统考表,否,3,电子信息科学与技术
电子商务,管理学,电子商务类,120801,统考,统考表,否,20,电子商务｜电子商务（产教融合创新班）
电影学,艺术学,艺术设计类,,校考,名称规则,是,1,电影学
电气工程及其自动化,工学,电子信息类,80601,统考,统考表,否,13,电气工程及其自动化
社会体育指导与管理,教育学,教育学类,,校考,名称规则,是,3,社会体育指导与管理
社会工作,法学,法学类,,混合,名称规则,是,9,社会工作
秘书学,文学,汉语言文学类,,统考,名称规则,是,1,秘书学
税收学,经济学,经济学类,,统考,名称规则,否,1,税收学
经济与金融,经济学,经济学类,,统考,名称规则,否,1,经济与金融
经济学,经济学,经济学类,20101,统考,统考表,否,4,经济学
经济统计学,经济学,经济学类,,统考,名称规则,否,2,经济统计学
绘画,艺术学,艺术设计类,,统考,名称规则,是,1,绘画
给排水科学与工程,工学,土木类,,校考,名称规则,否,1,给排水科学与工程
网络与新媒体,文学,汉语言文学类,,混合,名称规则,是,10,网络与新媒体
网络工程,工学,计算机类,80903,统考,统考表,否,8,网络工程
网络工程技术,工学,计算机类,310202,统考,统考表,否,2,网络工程技术
网络空间安全,工学,计算机类,,统考,名称规则,否,2,网络空间安全
美术学,艺术学,艺术设计类,,混合,名称规则,是,2,美术学｜美术学（师范）
翻译,文学,英语类,,校考,名称规则,否,4,翻译
自动化,工学,电子信息类,,混合,名称规则,否,5,自动化
自然地理与资源环境,理学,生物类,,校考,名称规则,是,1,自然地理与资源环境
舞蹈编导,艺术学,音乐与舞蹈类,,校考,名称规则,否,3,舞蹈编导
舞蹈表演,艺术学,音乐与舞蹈类,,校考,名称规则,否,1,舞蹈表演
艺术与科技,艺术学,艺术设计类,130509,统考,统考表,否,3,艺术与科技
艺术设计学,艺术学,艺术设计类,130501,统考,统考表,否,3,艺术设计学
英语,文学,英语类,50201,统考,统考表,否,23,英语｜英语(师范)｜英语（师范）｜英语（涉外机构人才培养班）
草业科学,农学,农学类,,统考,名称规则,否,1,草业科学
药学,医学,医学类,,校考,名称规则,否,9,药学
药物制剂,医学,医学类,,校考,名称规则,否,1,药物制剂
葡萄牙语,文学,英语类,,校考,名称规则,是,1,葡萄牙语
行政管理,管理学,公共管理类,120402,统考,统考表,否,11,行政管理
表演,艺术学,音乐与舞蹈类,,校考,名称规则,是,1,表演
视觉传达设计,艺术学,艺术设计类,130502,统考,统考表,否,20,视觉传达设计
计算机应用工程,工学,计算机类,310201,统考,统考表,否,1,计算机应用工程
计算机科学与技术,工学,计算机类,80901,统考,统考表,否,20,计算机科学与技术｜计算机科学与技术（计算机科学与国际化财经专业）
财务管理,管理学,工商管理类,120204,统考,统考表,否,18,财务管理
资产评估,管理学,工商管理类,,统考,名称规则,否,1,资产评估
资源勘查工程,工学,土木类,,校考,名称规则,是,1,资源勘查工程
资源环境科学,工学,土木类,,校考,名称规则,是,1,资源环境科学
跨境电子商务,管理学,电子商务类,,混合,名称规则,否,5,跨境电子商务
车辆工程,工学,机械类,80207,统考,统考表,否,3,车辆工程
软件工程,工学,计算机类,80902,统考,统考表,否,18,软件工程｜软件工程（产教融合创新班）
软件工程技术,工学,计算机类,310203,统考,统考表,否,3,软件工程技术
过程装备与控制工程,工学,机械类,80206,统考,统考表,否,1,过程装备与控制工程
运动康复,教育学,教育学类,,校考,名称规则,是,1,运动康复
通信工程,工学,电子信息类,80703,统考,统考表,否,8,通信工程
酒店管理,管理学,市场营销类,,混合,科目推断,是,3,酒店管理
金融学,经济学,经济学类,20301,统考,统考表,否,5,金融学
金融工程,经济学,经济学类,20302,统考,统考表,否,6,金融工程
金融科技,经济学,经济学类,,统考,名称规则,否,1,金融科技
集成电路设计与集成系统,工学,电子信息类,,统考,名称规则,否,1,集成电路设计与集成系统
音乐学,艺术学,音乐与舞蹈类,,校考,名称规则,否,12,音乐学｜音乐学(师范)｜音乐学（师范）
音乐教育,艺术学,音乐与舞蹈类,,校考,名称规则,否,3,音乐教育
音乐表演,艺术学,音乐与舞蹈类,,校考,名称规则,否,9,音乐表演
预防医学,医学,医学类,,校考,名称规则,否,1,预防医学
风景园林,工学,土木类,,混合,名称规则,是,4,风景园林
飞行器设计与工程,工学,电子信息类,,统考,名称规则,是,1,飞行器设计与工程
食品营养与检验教育,工学,食品科学与工程类,,校考,名称规则,是,1,食品营养与检验教育
食品质量与安全,工学,食品科学与工程类,,校考,名称规则,否,5,食品质量与安全
高分子材料与工程,工学,机械类,,校考,科目推断,是,1,高分子材料与工程
