性质,院校名称,专业组,专业号,批次,招生专业,公共课（科目）[分值：100/100],专业基础课（科目）[分值：100],专业综合课（科目）[分值：200],专综类型,学费,教学地点,住宿费,前置要求
公办,广东轻工职业技术大学,01,001,普通批,现代精细化工技术,政治 / 英语,高等数学,精细化工综合,校考,6410,未公布,1500,限招
公办,广东轻工职业技术大学,02,002,普通批,合成生物技术,政治 / 英语,高等数学,生物化学,校考,6410,未公布,1500,限招
公办,广东轻工职业技术大学,03,003,普通批,现代物流管理,政治 / 英语,高等数学,物流学,校考,5250,未公布,1500,限招
公办,广东轻工职业技术大学,04,004,普通批,机械电子工程技术,政治 / 英语,高等数学,机械工程基础,统考,6410,未公布,1500,限招
公办,广东轻工职业技术大学,05,005,普通批,产品设计,政治 / 英语,艺术概论,设计基础,统考,10000,未公布,1500,限招
公办,广州航海学院,01,001,普通批,金融学,政治 / 英语,经济学,金融学,统考,4590,黄埔校区,740-1700,不限
公办,深圳职业技术大学,01,001,普通批,护理,政治 / 英语,生理学,护理综合,校考,6000,西丽校区,1200-1500,限招
公办,深圳职业技术大学,02,002,普通批,园林景观工程,政治 / 英语,生态学基础,园林景观综合,校考,6000,西丽校区,1200-1500,限招
公办,韶关学院,01,001,普通批,法学,政治 / 英语,民法,法理学,统考,5050,韶乐园校区,750-1500,不限
公办,韶关学院,02,002,普通批,汉语言文学(师范),政治 / 英语,大学语文,汉语言文学学科基础,统考,5050,韶乐园校区,750-1500,不限
公办,韶关学院,03,003,普通批,数学与应用数学(师范),政治 / 英语,高等数学,数学专业综合,统考,5710,韶乐园校区,750-1500,不限
公办,韶关学院,04,004,普通批,英语(师范),政治 / 英语,大学语文,英语基础与写作,统考,5710,韶乐园校区,750-1500,不限
公办,韶关学院,05,005,普通批,学前教育(师范),政治 / 英语,教育理论,学前教育基础,统考,5050,韶乐园校区,750-1500,不限
公办,韶关学院,06,006,普通批,视觉传达设计,政治 / 英语,艺术概论,设计基础,统考,10000,韶乐园校区,750-1500,不限
公办,韶关学院,07,007,普通批,工商管理,政治 / 英语,管理学,市场营销学,统考,5050,韶乐园校区,750-1500,不限
公办,韶关学院,08,008,普通批,会计学,政治 / 英语,管理学,基础会计学,统考,5050,韶乐园校区,750-1500,不限
公办,韶关学院,09,029,普通批,药学,政治 / 英语,生理学,药学综合,校考,6380,惠州卫生职业技术学院,750-1500,限招
公办,仲恺农业工程学院,01,001,普通批,生物技术,政治 / 英语,高等数学,遗传学,统考,5710,白云校区,1000-1500,限招
公办,仲恺农业工程学院,02,002,普通批,林学,政治 / 英语,生态学基础,遗传学,统考,4570,白云校区,1000-1500,限招
公办,仲恺农业工程学院,03,004,普通批,投资学,政治 / 英语,经济学,金融学,统考,5050,白云校区,1000-1500,限招
公办,仲恺农业工程学院,04,005,普通批,社会工作,政治 / 英语,民法,法理学,统考,5050,海珠校区,600-1500,限招
公办,仲恺农业工程学院,05,006,普通批,行政管理,政治 / 英语,管理学,行政管理学,统考,5050,海珠校区,600-1500,限招
公办,仲恺农业工程学院,06,007,普通批,水产养殖学,政治 / 英语,生态学基础,鱼类增养殖学,校考,4570,白云校区,1000-1500,限招
公办,仲恺农业工程学院,07,008,普通批,动物科学,政治 / 英语,生态学基础,畜牧综合,校考,5710,白云校区,1000-1500,限招
公办,仲恺农业工程学院,08,009,普通批,日语,政治,大学语文,基础日语/日语翻译,校考,5710,白云校区,1000-1500,限招
公办,仲恺农业工程学院,09,010,普通批,环境工程,政治 / 英语,高等数学,环境工程专业综合,校考,5710,白云校区,1000-1500,限招
公办,仲恺农业工程学院,10,011,普通批,资源环境科学,政治 / 英语,高等数学,资源环境科学专业综合,校考,5710,白云校区,1000-1500,限招
公办,仲恺农业工程学院,11,012,普通批,土地科学与技术,政治 / 英语,生态学基础,土地科学与技术专业综合,校考,4570,白云校区,1000-1500,限招
公办,仲恺农业工程学院,12,013,普通批,给排水科学与工程,政治 / 英语,高等数学,市政工程基础,校考,5710,白云校区,1000-1500,限招
公办,仲恺农业工程学院,13,014,普通批,土木工程,政治 / 英语,高等数学,建筑材料,校考,5710,白云校区,1000-1500,限招
公办,仲恺农业工程学院,14,015,普通批,城乡规划,政治 / 英语,高等数学,城市规划原理,校考,5710,白云校区,1000-1500,限招
公办,仲恺农业工程学院,15,016,普通批,文化产业管理,政治 / 英语,管理学,文化产业管理概论,校考,5710,白云校区,1000-1500,限招
公办,仲恺农业工程学院,19,003,普通批,草业科学,政治 / 英语,生态学基础,遗传学,统考,4570,白云校区,1000-1500,限招
公办,广东医科大学,01,001,普通批,护理学,政治 / 英语,生理学,护理学综合,校考,6960,广东食品药品职业学院龙洞校区,430-1700,限招
公办,广东医科大学,02,002,普通批,护理学,政治 / 英语,生理学,护理学综合,校考,6960,肇庆医学高等专科学校,1200-1500,限招
公办,广东医科大学,03,003,普通批,护理学,政治 / 英语,生理学,护理学综合,校考,6960,东莞职业技术学院西校区,1100,限招
公办,广东医科大学,04,004,普通批,药学,政治 / 英语,生理学,药学综合,校考,6960,广东食品药品职业学院龙洞校区,430-1700,限招
公办,广东医科大学,05,005,普通批,药学,政治 / 英语,生理学,药学综合,校考,6960,肇庆医学高等专科学校,1200-1500,限招
公办,广东医科大学,06,006,普通批,药学,政治 / 英语,生理学,药学综合,校考,6960,东莞职业技术学院西校区,1100,限招
公办,广东医科大学,07,007,普通批,中药学,政治 / 英语,生理学,中药学综合,校考,6960,广东食品药品职业学院龙洞校区,430-1700,限招
公办,广东医科大学,08,008,普通批,预防医学,政治 / 英语,生理学,预防医学,校考,7656,肇庆医学高等专科学校,1200-1500,限招
公办,广东医科大学,09,009,普通批,健康服务与管理,政治 / 英语,管理学,健康服务与综合管理,校考,5510,肇庆医学高等专科学校,1100,限招
公办,广东医科大学,10,010,普通批,康复治疗学,政治 / 英语,生理学,康复治疗学综合,校考,6960,东莞职业技术学院西校区,1100,限招
公办,肇庆学院,01,01,普通批,学前教育（师范）,政治 / 英语,教育理论,学前教育基础,统考,5050,校本部,700-1500,不限
公办,肇庆学院,02,02,普通批,行政管理,政治 / 英语,管理学,行政管理学,统考,5050,校本部,700-1500,不限
公办,肇庆学院,03,03,普通批,电子商务,政治 / 英语,管理学,电子商务概论,统考,5050,校本部,700-1500,不限
公办,肇庆学院,04,04,普通批,旅游管理,政治 / 英语,管理学,市场营销学,统考,5050,校本部,700-1500,不限
公办,肇庆学院,05,05,普通批,工艺美术,政治 / 英语,艺术概论,设计基础,统考,10000,校本部,700-1500,不限
公办,肇庆学院,05,06,普通批,视觉传达设计,政治 / 英语,艺术概论,设计基础,统考,10000,校本部,700-1500,不限
公办,岭南师范学院,01,001,普通批,汉语言文学(师范),政治 / 英语,大学语文,汉语言文学学科基础,统考,5050,寸金校区,1050-1700,限招
公办,岭南师范学院,02,002,普通批,英语（师范）,政治 / 英语,大学语文,英语基础与写作,统考,5710,寸金校区,1050-1700,限招
公办,岭南师范学院,03,003,普通批,机械设计制造及其自动化,政治 / 英语,高等数学,机械工程基础,统考,5710,寸金校区,1050-1700,限招
公办,岭南师范学院,06,004,普通批,机器人工程,政治 / 英语,高等数学,机械工程基础,统考,5710,寸金校区,1050-1700,限招
公办,广东技术师范大学,03,003,普通批,会计学,政治 / 英语,管理学,基础会计学,统考,5050,广州番禺职业技术学院,800-1600,限招
公办,深圳技术大学,01,001,普通批,药学,政治 / 英语,生理学,药学综合,校考,6200,,1200,限招
公办,广东财经大学,01,001,普通批,行政管理,政治 / 英语,管理学,行政管理学,统考,5510,广州校区,1200-1600,限招
公办,广东财经大学,02,002,普通批,酒店管理,政治 / 英语,管理学,酒店管理综合,校考,5510,广州校区,1200-1600,限招
公办,广东财经大学,03,003,普通批,劳动社会保障,政治 / 英语,管理学,劳动与社会保障综合,校考,5510,佛山校区,1200-1600,限招
公办,嘉应学院,01,001,普通批,数学与应用数学(师范),政治 / 英语,高等数学,数学专业综合,统考,5170,校本部（江北校区）,850-1800,不限
公办,嘉应学院,02,002,普通批,汉语言文学(师范),政治 / 英语,大学语文,汉语言文学学科基础,统考,5050,校本部（江北校区）,850-1800,不限
公办,嘉应学院,03,003,普通批,英语（师范）,政治 / 英语,大学语文,英语基础与写作,统考,5170,校本部（江北校区）,850-1800,不限
公办,嘉应学院,04,004,普通批,公共事业管理,政治 / 英语,管理学,行政管理学,统考,5050,校本部（江北校区）,850-1800,不限
公办,嘉应学院,05,005,普通批,市场营销,政治 / 英语,管理学,市场营销学,统考,5050,校本部（江北校区）,850-1800,不限
公办,嘉应学院,06,006,普通批,工商管理,政治 / 英语,管理学,市场营销学,统考,5050,校本部（江北校区）,850-1800,不限
公办,嘉应学院,07,007,普通批,国际经济与贸易,政治 / 英语,经济学,国际贸易理论与实务,统考,5050,校本部（江北校区）,850-1800,不限
公办,嘉应学院,08,008,普通批,学前教育（师范）,政治 / 英语,教育理论,学前教育基础,统考,5050,校本部（江北校区）,850-1800,不限
公办,嘉应学院,09,009,普通批,计算机科学与技术,政治 / 英语,高等数学,计算机基础与程序设计,统考,5170,校本部（江北校区）,850-1800,不限
公办,广东第二师范学院,01,001,普通批,学前教育（师范）,政治 / 英语,教育理论,学前教育基础,统考,4590,广州海珠校区,883-1800,限招
公办,广东第二师范学院,02,002,普通批,汉语国际教育,政治 / 英语,大学语文,汉语言文学学科基础,统考,4590,广州花都校区,1050-1800,限招
公办,广东第二师范学院,03,003,普通批,社会工作,政治 / 英语,民法,法理学,统考,4590,广州花都校区,1050-1800,限招
公办,广东石油化工学院,01,001,普通批,机械设计制造及其自动化,政治 / 英语,高等数学,机械工程基础,统考,5710,官渡校区,740-1335,限招
公办,广东石油化工学院,01,002,普通批,材料成型及控制工程,政治 / 英语,高等数学,机械工程基础,统考,5710,官渡校区,740-1335,限招
公办,广东石油化工学院,02,003,普通批,过程装备与控制工程,政治 / 英语,高等数学,机械工程基础,统考,5710,官渡校区,740-1335,限招
公办,广东石油化工学院,03,004,普通批,数学与应用数学(师范),政治 / 英语,高等数学,数学专业综合,统考,5710,官渡校区,740-1335,限招
公办,广东石油化工学院,04,005,普通批,法学,政治 / 英语,民法,法理学,统考,5050,官渡校区,740-1335,限招
公办,广东石油化工学院,05,006,普通批,汉语言文学(师范),政治 / 英语,大学语文,汉语言文学学科基础,统考,5050,官渡校区,740-1335,限招
公办,广东石油化工学院,06,009,普通批,音乐表演,政治 / 英语,艺术概论,音乐表演（表演）,校考,10000,官渡校区或西城校区,740-1335,限招
公办,韩山师范学院,31,022,提前批,烹饪与营养教育,政治 / 英语,教育理论,烹饪工艺与营养专业综合,校考,5190,广东科贸职业学院,1200,不限
公办,韩山师范学院,32,023,普通批,环境工程,政治 / 英语,高等数学,环境学概论,校考,5190,广东环境保护工程职业学院,1400-1500,不限
公办,韩山师范学院,33,024,普通批,英语（师范）,政治 / 英语,大学语文,英语基础与写作,统考,5190,广东外语艺术职业学院,850,不限
公办,韩山师范学院,34,025,普通批,音乐学（师范）,政治 / 英语,艺术概论,音乐综合,校考,10000,广东外语艺术职业学院,950,限招
公办,韩山师范学院,35,026,普通批,食品质量与安全,政治 / 英语,高等数学,食品化学与分析,校考,5190,广东科贸职业学院,1200,不限
公办,韩山师范学院,36,027,普通批,旅游管理,政治 / 英语,管理学,旅游学概论,校考,4590,广东科学技术职业学院,1500,不限
公办,韩山师范学院,37,028,普通批,计算机科学与技术,政治 / 英语,高等数学,计算机基础与程序设计,统考,5190,广东科学技术职业学院,1500,不限
公办,韩山师范学院,38,029,普通批,人力资源管理,政治 / 英语,管理学,人力资源管理,统考,4590,广东科学技术职业学院,1500,不限
公办,韩山师范学院,39,030,普通批,经济学,政治 / 英语,经济学,金融学,统考,4590,广东科学技术职业学院,1500,不限
公办,韩山师范学院,40,031,普通批,财务管理,政治 / 英语,高等数学,基础会计学,统考,4590,广东科学技术职业学院,1500,不限
公办,韩山师范学院,41,032,普通批,视觉传达设计,政治 / 英语,艺术概论,设计基础,统考,10000,广东科学技术职业学院,1500,限招
公办,韩山师范学院,42,034,普通批,商务英语,政治 / 英语,大学语文,英语基础与写作,统考,5190,广东科学技术职业学院,1500,不限
公办,韩山师范学院,43,035,普通批,社会工作,政治 / 英语,民法,社会工作概论,校考,4590,广东科学技术职业学院,1500,不限
公办,韩山师范学院,44,036,普通批,生物技术,政治 / 英语,高等数学,遗传学,统考,5190,广东食品药品职业学院,430-1530,不限
公办,韩山师范学院,45,037,普通批,产品设计,政治 / 英语,艺术概论,设计基础,统考,10000,广东文艺职业学院,1500,限招
公办,韩山师范学院,46,038,普通批,电气工程及其自动化,政治 / 英语,高等数学,电子技术基础,统考,5190,广东交通职业技术学院,650-1500,不限
公办,韩山师范学院,47,039,普通批,电子信息工程,政治 / 英语,高等数学,电子技术基础,统考,5190,广东交通职业技术学院,650-1600,不限
公办,韩山师范学院,48,040,普通批,软件工程,政治 / 英语,高等数学,计算机基础与程序设计,统考,5190,广东食品药品职业学院,430-1530,不限
公办,韩山师范学院,49,041,普通批,食品质量与安全,政治 / 英语,高等数学,食品化学与分析,校考,5190,广东食品药品职业学院,430-1530,不限
公办,韩山师范学院,50,042,普通批,财务管理,政治 / 英语,高等数学,基础会计学,统考,4590,江门职业技术学院,1500,不限
公办,韩山师范学院,51,043,普通批,学前教育（师范）,政治 / 英语,教育理论,学前教育基础,统考,4590,江门职业技术学院,1500,不限
公办,韩山师范学院,52,044,普通批,食品质量与安全,政治 / 英语,高等数学,食品化学与分析,校考,5190,广州城市职业学院,650-1600,不限
公办,韩山师范学院,53,045,普通批,产品设计,政治 / 英语,艺术概论,设计基础,统考,10000,校本部,650-1600,限招
公办,韩山师范学院,54,046,普通批,美术学（师范）,政治 / 英语,艺术概论,"美术学综合(色彩+素描)",校考,10000,校本部,650-1600,限招
公办,韩山师范学院,55,047,普通批,数学与应用数学(师范),政治 / 英语,高等数学,数学专业综合,统考,5190,校本部,650-1600,不限
公办,韩山师范学院,56,048,普通批,英语（师范）,政治 / 英语,大学语文,英语基础与写作,统考,5190,校本部,650-1600,不限
公办,韩山师范学院,57,049,普通批,汉语言文学（师范）,政治 / 英语,大学语文,汉语言文学学科基础,统考,4590,校本部,650-1600,不限
公办,韩山师范学院,58,050,普通批,音乐学（师范）,政治 / 英语,艺术概论,音乐综合,校考,10000,校本部,650-1600,限招
公办,韩山师范学院,74,033,普通批,数据科学与大数据技术,政治 / 英语,高等数学,计算机基础与程序设计,统考,5190,广东科学技术职业学院,1500,不限
公办,惠州学院,01,005,普通批,土木工程,政治 / 英语,高等数学,土木工程材料,校考,5710,广东建设职业技术学院,1200,不限
公办,惠州学院,02,007,普通批,服装与服饰设计,政治 / 英语,艺术概论,设计基础,统考,10000,广东职业技术学院,1300-1500,限招
公办,惠州学院,03,010,普通批,物流管理,政治 / 英语,管理学,物流学,校考,5050,惠州城市职业学院,750-1500,不限
公办,惠州学院,04,014,普通批,电子信息工程,政治 / 英语,高等数学,电子技术基础,统考,5710,惠州工程职业学院,950-1150,限招
公办,惠州学院,05,015,普通批,软件工程,政治 / 英语,高等数学,计算机基础与程序设计,统考,5710,惠州工程职业学院,950-1150,不限
公办,惠州学院,06,016,普通批,社会工作,政治 / 英语,民法,法理学,统考,5050,惠州卫生职业技术学院,1100,不限
公办,惠州学院,07,019,普通批,社会工作,政治 / 英语,民法,法理学,校考,5050,中山职业技术学院,1000-1600,不限
公办,惠州学院,08,009,普通批,生物技术,政治 / 英语,高等数学,遗传学,统考,5710,广州城市职业学院,1100,不限
公办,惠州学院,09,018,普通批,产品设计,政治 / 英语,艺术概论,设计基础,统考,10000,中山职业技术学院,1000-1600,限招
公办,惠州学院,10,017,普通批,生物技术,政治 / 英语,高等数学,遗传学,统考,5710,惠州卫生职业技术学院,1100,不限
公办,惠州学院,11,006,普通批,服装设计与工程,政治 / 英语,高等数学,服装材料学概论,校考,5710,广东职业技术学院,1300-1500,不限
公办,惠州学院,12,008,普通批,高分子材料与工程,政治 / 英语,高等数学,高分子材料,校考,5710,广东职业技术学院,1300-1500,不限
公办,惠州学院,13,011,普通批,机械电子工程,政治 / 英语,高等数学,机械工程基础,校考,5710,惠州城市职业学院,750-1500,限招
公办,惠州学院,14,012,普通批,软件工程,政治 / 英语,高等数学,计算机基础与程序设计,统考,5710,惠州城市职业学院,750-1500,不限
公办,惠州学院,15,013,普通批,视觉传达设计,政治 / 英语,艺术概论,设计基础,统考,10000,惠州城市职业学院,750-1500,限招
民办,广东科技学院,01,001,普通批,市场营销,政治 / 英语,管理学,市场营销学,统考,34800,松山湖校区,2800,不限
民办,广东科技学院,01,002,普通批,工商管理,政治 / 英语,管理学,市场营销学,统考,34800,松山湖校区,2800,不限
民办,广东科技学院,01,003,普通批,供应链管理,政治 / 英语,管理学,市场营销学,统考,34800,松山湖校区,2800,不限
民办,广东科技学院,02,004,普通批,电子商务,政治 / 英语,管理学,电子商务概论,统考,34800,松山湖校区,2800,不限
民办,广东科技学院,02,005,普通批,跨境电子商务,政治 / 英语,管理学,电子商务概论,统考,34800,松山湖校区,2800,不限
民办,广东科技学院,03,006,普通批,物流管理,政治 / 英语,管理学,现代物流管理,校考,34800,松山湖校区,2800,不限
民办,广东科技学院,04,007,普通批,大数据管理与应用,政治 / 英语,管理学,大数据管理与应用概论,校考,34800,松山湖校区,2800,不限
民办,广东科技学院,05,008,普通批,财务管理,政治 / 英语,管理学,基础会计学,统考,34800,松山湖校区,2800,不限
民办,广东科技学院,05,009,普通批,资产评估,政治 / 英语,管理学,基础会计学,统考,34800,松山湖校区,2800,不限
民办,广东科技学院,05,010,普通批,会计学,政治 / 英语,管理学,基础会计学,统考,34800,松山湖校区,2800,不限
民办,广东科技学院,06,011,普通批,金融工程,政治 / 英语,经济学,金融学,统考,34800,松山湖校区,2800,不限
民办,广东科技学院,06,012,普通批,投资学,政治 / 英语,经济学,金融学,统考,34800,松山湖校区,2800,不限
民办,广东科技学院,06,013,普通批,经济与金融,政治 / 英语,经济学,金融学,统考,34800,松山湖校区,2800,不限
民办,广东科技学院,06,014,普通批,数字经济,政治 / 英语,经济学,金融学,统考,34800,松山湖校区,2800,不限
民办,广东科技学院,07,015,普通批,国际经济与贸易,政治 / 英语,经济学,国际贸易理论与实务,统考,34800,松山湖校区,2800,不限
民办,广东科技学院,08,016,普通批,互联网金融,政治 / 英语,经济学,互联网金融,校考,34800,松山湖校区,2800,不限
民办,广东科技学院,09,017,普通批,汽车服务工程,政治 / 英语,高等数学,机械工程基础,统考,34800,松山湖校区,2800,不限
民办,广东科技学院,09,018,普通批,机械电子工程,政治 / 英语,高等数学,机械工程基础,统考,34800,松山湖校区,2800,不限
民办,广东科技学院,09,019,普通批,机械设计制造及其自动化,政治 / 英语,高等数学,机械工程基础,统考,34800,松山湖校区,2800,不限
民办,广东科技学院,09,020,普通批,机器人工程,政治 / 英语,高等数学,机械工程基础,统考,34800,松山湖校区,2800,不限
民办,广东科技学院,09,021,普通批,智能制造工程,政治 / 英语,高等数学,机械工程基础,统考,34800,松山湖校区,2800,不限
民办,广东科技学院,09,022,普通批,新能源汽车工程,政治 / 英语,高等数学,机械工程基础,统考,34800,松山湖校区,2800,不限
民办,广东科技学院,10,023,普通批,电子信息工程,政治 / 英语,高等数学,电子技术基础,统考,34800,松山湖校区,2800,不限
民办,广东科技学院,10,024,普通批,电气工程及其自动化,政治 / 英语,高等数学,电子技术基础,统考,34800,松山湖校区,2800,不限
民办,广东科技学院,10,025,普通批,自动化,政治 / 英语,高等数学,电子技术基础,统考,34800,松山湖校区,2800,不限
民办,广东科技学院,10,026,普通批,通信工程,政治 / 英语,高等数学,电子技术基础,统考,34800,松山湖校区,2800,不限
民办,广东科技学院,10,027,普通批,集成电路设计与集成系统,政治 / 英语,高等数学,电子技术基础,统考,34800,松山湖校区,2800,不限
民办,广东科技学院,11,028,普通批,软件工程,政治 / 英语,高等数学,计算机基础与程序设计,统考,34800,松山湖校区,2800,不限
民办,广东科技学院,11,029,普通批,网络工程,政治 / 英语,高等数学,计算机基础与程序设计,统考,34800,松山湖校区,2800,不限
民办,广东科技学院,11,030,普通批,物联网工程,政治 / 英语,高等数学,计算机基础与程序设计,统考,34800,松山湖校区,2800,不限
民办,广东科技学院,11,032,普通批,智能科学与技术,政治 / 英语,高等数学,计算机基础与程序设计,统考,34800,松山湖校区,2800,不限
民办,广东科技学院,11,033,普通批,数字媒体技术,政治 / 英语,高等数学,计算机基础与程序设计,统考,34800,松山湖校区,2800,不限
民办,广东科技学院,11,034,普通批,网络空间安全,政治 / 英语,高等数学,计算机基础与程序设计,统考,34800,松山湖校区,2800,不限
民办,广东科技学院,12,031,普通批,信息管理与信息系统,政治 / 英语,管理学,计算机基础与程序设计,统考,34800,松山湖校区,2800,不限
民办,广东科技学院,13,035,普通批,数据科学与大数据技术,政治 / 英语,高等数学,程序设计基础,校考,34800,松山湖校区,2800,不限
民办,广东科技学院,14,036,普通批,英语,政治 / 英语,大学语文,英语基础与写作,统考,34800,松山湖校区,2800,不限
民办,广东科技学院,14,037,普通批,商务英语,政治 / 英语,大学语文,英语基础与写作,统考,34800,松山湖校区,2800,不限
民办,广东科技学院,15,038,普通批,翻译,政治 / 英语,大学语文,英汉互译,校考,34800,松山湖校区,2800,不限
民办,广东科技学院,16,039,普通批,日语,政治,大学语文,"日语视听说【专业课：基础日语】",校考,34800,松山湖校区,2800,不限
民办,广东科技学院,17,040,普通批,服装设计与工程,政治 / 英语,高等数学,服装设计概论,校考,36800,松山湖校区,2800,不限
民办,广东科技学院,18,041,普通批,视觉传达设计,政治 / 英语,艺术概论,设计基础,统考,36800,松山湖校区,2800,不限
民办,广东科技学院,18,042,普通批,环境设计,政治 / 英语,艺术概论,设计基础,统考,36800,松山湖校区,2800,不限
民办,广东科技学院,18,043,普通批,产品设计,政治 / 英语,艺术概论,设计基础,统考,36800,松山湖校区,2800,不限
民办,广东科技学院,18,044,普通批,艺术与科技,政治 / 英语,艺术概论,设计基础,统考,36800,松山湖校区,2800,不限
民办,广东科技学院,19,045,普通批,数字媒体艺术,政治 / 英语,艺术概论,分镜头脚本绘制,校考,36800,松山湖校区,2800,不限
民办,广东科技学院,20,046,普通批,服装与服饰设计,政治 / 英语,艺术概论,服装设计基础,校考,36800,松山湖校区,2800,不限
民办,广州南方学院,1,1,普通批,工商管理,政治 / 英语,管理学,市场营销学,统考,32600,校本部,1900,不限
民办,广州南方学院,1,7,普通批,物流管理,政治 / 英语,管理学,市场营销学,统考,32600,校本部,1900,不限
民办,广州南方学院,1,28,普通批,文化产业管理,政治 / 英语,管理学,文化产业概论,校考,32600,校本部,1900,不限
民办,广州南方学院,2,3,普通批,电子商务,政治 / 英语,管理学,电子商务概论,统考,32600,校本部,1900,不限
民办,广州南方学院,3,4,普通批,金融学,政治 / 英语,经济学,金融学,统考,32600,校本部,1900,不限
民办,广州南方学院,3,6,普通批,经济学,政治 / 英语,经济学,金融学,统考,32600,校本部,1900,不限
民办,广州南方学院,4,5,普通批,国际经济与贸易,政治 / 英语,经济学,国际贸易理论与实务,统考,32600,校本部,1900,不限
民办,广州南方学院,5,8,普通批,会计学,政治 / 英语,管理学,基础会计学,统考,32600,校本部,1900,限招
民办,广州南方学院,5,9,普通批,财务管理,政治 / 英语,管理学,基础会计学,统考,32600,校本部,1900,限招
民办,广州南方学院,5,10,普通批,审计学,政治 / 英语,管理学,基础会计学,统考,32600,校本部,1900,限招
民办,广州南方学院,6,13,普通批,软件工程,政治 / 英语,高等数学,计算机基础与程序设计,统考,32600,校本部,1900,不限
民办,广州南方学院,7,16,普通批,电气工程及其自动化,政治 / 英语,高等数学,电子技术基础,统考,32600,校本部,1900,不限
民办,广州南方学院,8,22,普通批,汉语国际教育,政治 / 英语,大学语文,汉语言文学学科基础,统考,32600,校本部,1900,不限
民办,广州南方学院,9,21,普通批,英语,政治 / 英语,大学语文,英语基础与写作,统考,32600,校本部,1900,不限
民办,广州南方学院,10,23,普通批,日语,政治,大学语文,"基础日语、日语阅读",校考,32600,校本部,1900,不限
民办,广州南方学院,11,24,普通批,翻译,政治 / 英语,大学语文,英汉汉英翻译,校考,32600,校本部,1900,不限
民办,广州南方学院,12,25,普通批,行政管理,政治 / 英语,管理学,行政管理学,统考,32600,校本部,1900,不限
民办,广州南方学院,13,26,普通批,人力资源管理,政治 / 英语,管理学,人力资源管理,统考,32600,校本部,1900,不限
民办,广州南方学院,14,29,普通批,医学检验技术,政治 / 英语,生理学,医学检验技术综合,校考,33200,校本部,1900,限招
民办,广州南方学院,15,30,普通批,康复治疗学,政治 / 英语,生理学,康复治疗综合,校考,33200,校本部,1900,限招
民办,广州南方学院,16,32,普通批,公共艺术,政治 / 英语,艺术概论,设计基础,统考,35000,校本部,1900,限招
民办,广州南方学院,17,35,普通批,音乐学,政治 / 英语,艺术概论,"音乐基础理论笔试+专业现场测试",校考,40500,校本部,1900,限招
民办,广州南方学院,18,38,普通批,中药学,政治 / 英语,生理学,中药学,校考,35000,校本部,1900,限招
民办,广州南方学院,19,40,普通批,健康服务与管理,政治 / 英语,管理学,健康服务与管理,校考,33200,校本部,1900,限招
民办,广州南方学院,20,41,普通批,护理学,政治 / 英语,生理学,护理学基础,校考,33200,校本部,1900,限招
民办,广州南方学院,21,12,普通批,计算机科学与技术,政治 / 英语,高等数学,计算机基础与程序设计,统考,32600,校本部,1900,不限
民办,广州南方学院,22,17,普通批,通信工程,政治 / 英语,高等数学,电子技术基础,统考,32600,校本部,1900,不限
民办,广州南方学院,23,15,普通批,电子信息科学与技术,政治 / 英语,高等数学,电子技术基础,统考,32600,校本部,1900,不限
民办,广州南方学院,24,18,普通批,汉语言文学,政治 / 英语,大学语文,汉语言文学学科基础,统考,32600,校本部,1900,不限
民办,广州南方学院,25,19,普通批,新闻学,政治 / 英语,大学语文,汉语言文学学科基础,统考,32600,校本部,1900,不限
民办,广州南方学院,26,39,普通批,中药制药,政治 / 英语,生理学,中药学,校考,35000,校本部,1900,限招
民办,广州南方学院,27,20,普通批,网络与新媒体,政治 / 英语,大学语文,汉语言文学学科基础,统考,32600,校本部,1900,不限
民办,广州南方学院,28,34,普通批,数字媒体技术,政治 / 英语,高等数学,计算机基础与程序设计,统考,32600,校本部,1900,限招
民办,广州南方学院,29,32,普通批,艺术设计学,政治 / 英语,艺术概论,设计基础,统考,35000,校本部,1900,限招
民办,广州南方学院,30,33,普通批,数字媒体艺术,政治 / 英语,艺术概论,设计基础,统考,35000,校本部,1900,限招
民办,广州南方学院,31,2,普通批,市场营销,政治 / 英语,管理学,市场营销学,统考,32600,校本部,1900,不限
民办,广州南方学院,31,27,普通批,公共关系学,政治 / 英语,管理学,传播学,统考,32600,校本部,1900,不限
民办,广州南方学院,32,14,普通批,数据科学与大数据技术,政治 / 英语,高等数学,计算机基础与程序设计,统考,32600,校本部,1900,不限
民办,湛江科技学院,1,1,普通批,国际经济与贸易,政治 / 英语,经济学,国际贸易理论与实务,统考,32000,新湖校区,2800-3500,不限
民办,湛江科技学院,2,2,普通批,电子商务,政治 / 英语,管理学,电子商务概论,统考,32000,新湖校区,2800-3500,不限
民办,湛江科技学院,3,3,普通批,工商管理,政治 / 英语,管理学,市场营销学,统考,32000,新湖校区,2800-3500,不限
民办,湛江科技学院,3,4,普通批,市场营销,政治 / 英语,管理学,市场营销学,统考,32000,新湖校区,2800-3500,不限
民办,湛江科技学院,3,5,普通批,国际商务,政治 / 英语,管理学,国际企业管理,校考,32000,新湖校区,2800-3500,不限
民办,湛江科技学院,3,6,普通批,大数据管理与应用,政治 / 英语,管理学,python程序设计基础,校考,32000,新湖校区,2800-3500,不限
民办,湛江科技学院,4,7,普通批,会计学,政治 / 英语,管理学,基础会计学,统考,32000,新湖校区,2800-3500,不限
民办,湛江科技学院,4,8,普通批,财务管理,政治 / 英语,管理学,基础会计学,统考,32000,新湖校区,2800-3500,不限
民办,湛江科技学院,4,9,普通批,审计学,政治 / 英语,管理学,审计学原理,校考,32000,新湖校区,2800-3500,不限
民办,湛江科技学院,5,10,普通批,计算机科学与技术,政治 / 英语,高等数学,计算机基础与程序设计,统考,33000,新湖校区,2800-3500,不限
民办,湛江科技学院,5,11,普通批,物联网工程,政治 / 英语,高等数学,计算机基础与程序设计,统考,33000,新湖校区,2800-3500,不限
民办,湛江科技学院,5,12,普通批,数字媒体技术,政治 / 英语,高等数学,计算机基础与程序设计,统考,33000,新湖校区,2800-3500,不限
民办,湛江科技学院,6,13,普通批,机械设计制造及其自动化,政治 / 英语,高等数学,机械工程基础,统考,33000,新湖校区,2800-3500,不限
民办,湛江科技学院,6,14,普通批,汽车服务工程,政治 / 英语,高等数学,机械工程基础,统考,33800,新湖校区,2800-3500,不限
民办,湛江科技学院,7,15,普通批,电气工程及其自动化,政治 / 英语,高等数学,电子技术基础,统考,33000,新湖校区,2800-3500,不限
民办,湛江科技学院,7,16,普通批,电子信息工程,政治 / 英语,高等数学,电子技术基础,统考,33000,新湖校区,2800-3500,不限
民办,湛江科技学院,8,17,普通批,英语,政治 / 英语,大学语文,英语基础与写作,统考,32000,新湖校区,2800-3500,不限
民办,湛江科技学院,8,18,普通批,商务英语,政治 / 英语,大学语文,英语基础与写作,统考,32000,新湖校区,2800-3500,不限
民办,湛江科技学院,9,19,普通批,视觉传达设计,政治 / 英语,艺术概论,设计基础,统考,35000,新湖校区,2800-3500,限招
民办,湛江科技学院,9,20,普通批,环境设计,政治 / 英语,艺术概论,设计基础,统考,35000,新湖校区,2800-3500,限招
民办,湛江科技学院,9,21,普通批,产品设计,政治 / 英语,艺术概论,设计基础,统考,35000,新湖校区,2800-3500,限招
民办,湛江科技学院,9,22,普通批,动画,政治 / 英语,艺术概论,设计基础,统考,35000,新湖校区,2800-3500,限招
民办,湛江科技学院,9,23,普通批,服装与服饰设计,政治 / 英语,艺术概论,设计基础,统考,35000,新湖校区,2800-3500,限招
民办,湛江科技学院,10,24,普通批,汉语言文学,政治 / 英语,大学语文,汉语言文学学科基础,统考,32000,新湖校区,2800-3500,不限
民办,湛江科技学院,10,25,普通批,汉语国际教育,政治 / 英语,大学语文,汉语言文学学科基础,统考,32000,新湖校区,2800-3500,不限
民办,湛江科技学院,11,26,普通批,学前教育,政治 / 英语,教育理论,学前教育基础,统考,33000,新湖校区,2800-3500,不限
民办,湛江科技学院,12,27,普通批,公共事业管理,政治 / 英语,管理学,社会保障学,校考,32000,新湖校区,2800-3500,不限
民办,湛江科技学院,13,28,普通批,旅游管理,政治 / 英语,管理学,旅游管理概论,校考,32000,新湖校区,2800-3500,不限
民办,湛江科技学院,14,29,普通批,信息管理与信息系统,政治 / 英语,管理学,管理信息系统,校考,32000,新湖校区,2800-3500,不限
民办,湛江科技学院,15,30,普通批,工程管理,政治 / 英语,管理学,工程项目管理,校考,32000,新湖校区,2800-3500,不限
民办,湛江科技学院,16,31,普通批,工程造价,政治 / 英语,高等数学,建设工程造价管理,校考,33000,新湖校区,2800-3500,不限
民办,湛江科技学院,17,32,普通批,土木工程,政治 / 英语,高等数学,土木工程概论,校考,33000,新湖校区,2800-3500,不限
民办,湛江科技学院,18,33,普通批,安全工程,政治 / 英语,高等数学,安全学原理,校考,33000,新湖校区,2800-3500,不限
民办,湛江科技学院,19,34,普通批,园林,政治 / 英语,生态学基础,园林花卉学,校考,33000,新湖校区,2800-3500,不限
民办,湛江科技学院,20,35,普通批,翻译,政治 / 英语,大学语文,英语写作与翻译,校考,32000,新湖校区,2800-3500,不限
民办,湛江科技学院,21,36,普通批,日语,政治,大学语文,"基础日语、专业课：日语阅读与写作",校考,32000,新湖校区,2800-3500,不限
民办,湛江科技学院,22,37,普通批,网络与新媒体,政治 / 英语,大学语文,新闻采访与写作,校考,32000,新湖校区,2800-3500,不限
民办,湛江科技学院,23,38,普通批,音乐学,政治 / 英语,艺术概论,专业测试,校考,38000,新湖校区,2800-3500,不限
民办,湛江科技学院,24,39,普通批,音乐教育,政治 / 英语,艺术概论,音乐教育专业综合测试,校考,38000,新湖校区,2800-3500,不限
民办,湛江科技学院,25,40,普通批,舞蹈编导,政治 / 英语,艺术概论,舞蹈基本功与剧目现场测试,校考,38000,新湖校区,2800-3500,不限
民办,湛江科技学院,26,41,普通批,摄影,政治 / 英语,艺术概论,摄影器材原理,校考,35000,新湖校区,2800-3500,不限
民办,湛江科技学院,27,42,普通批,小学教育（语文）,政治 / 英语,教育理论,课程与教学论,校考,33000,新湖校区,2800-3500,不限
民办,湛江科技学院,27,43,普通批,小学教育（数学）,政治 / 英语,教育理论,课程与教学论,校考,33000,新湖校区,2800-3500,不限
民办,湛江科技学院,27,44,普通批,小学教育（英语）,政治 / 英语,教育理论,课程与教学论,校考,33000,新湖校区,2800-3500,不限
民办,湛江科技学院,28,45,普通批,体育教育,政治 / 英语,教育理论,学校体育学,校考,33800,新湖校区,2800-3500,限招
民办,湛江科技学院,29,46,普通批,护理学,政治 / 英语,生理学,基础护理学,校考,33800,新湖校区,2800-3500,限招
民办,湛江科技学院,30,47,普通批,中药学,政治 / 英语,生理学,中药学,校考,33800,新湖校区,2800-3500,不限
民办,电子科技大学中山学院,01,001,普通批,财务管理,政治 / 英语,管理学,基础会计学,统考,29000,校本部,1500,不限
民办,电子科技大学中山学院,02,002,普通批,金融学,政治 / 英语,经济学,金融学,统考,29000,校本部,1500,不限
民办,电子科技大学中山学院,03,003,普通批,英语,政治 / 英语,大学语文,英语基础与写作,统考,29000,校本部,1500,不限
民办,广东工商职业技术大学,01,001,普通批,机械设计制造及其自动化,政治 / 英语,高等数学,机械工程基础,统考,33800,大旺校区,2300-2800,不限
民办,广东工商职业技术大学,01,002,普通批,机器人技术,政治 / 英语,高等数学,机械工程基础,统考,33800,星湖校区,2300-2800,不限
民办,广东工商职业技术大学,02,004,普通批,大数据工程技术,政治 / 英语,高等数学,计算机基础与程序设计,统考,33800,星湖校区,2300-2800,不限
民办,广东工商职业技术大学,03,005,普通批,软件工程技术,政治 / 英语,高等数学,计算机基础与程序设计,统考,33800,星湖校区,2300-2800,不限
民办,广东工商职业技术大学,03,006,普通批,数字媒体技术,政治 / 英语,高等数学,计算机基础与程序设计,统考,33800,星湖校区,2300-2800,不限
民办,广东工商职业技术大学,03,007,普通批,网络工程技术,政治 / 英语,高等数学,计算机基础与程序设计,统考,33800,星湖校区,2300-2800,不限
民办,广东工商职业技术大学,03,047,普通批,网络工程技术,政治 / 英语,高等数学,计算机基础与程序设计,统考,33800,星湖校区,2800,不限
民办,广东工商职业技术大学,03,048,普通批,软件工程技术,政治 / 英语,高等数学,计算机基础与程序设计,统考,33800,星湖校区,2800,不限
民办,广东工商职业技术大学,03,049,普通批,软件工程技术,政治 / 英语,高等数学,计算机基础与程序设计,统考,33800,星湖校区,2800,不限
民办,广东工商职业技术大学,03,050,普通批,数字媒体技术,政治 / 英语,高等数学,计算机基础与程序设计,统考,33800,星湖校区,2800,不限
民办,广东工商职业技术大学,04,008,普通批,现代物流管理,政治 / 英语,管理学,市场营销学,统考,33800,星湖校区,2800,不限
民办,广东工商职业技术大学,04,019,普通批,现代物流管理,政治 / 英语,管理学,市场营销学,统考,33800,星湖校区,2800,不限
民办,广东工商职业技术大学,05,009,普通批,电子商务,政治 / 英语,管理学,电子商务概论,统考,33800,星湖校区,2800,不限
民办,广东工商职业技术大学,05,020,普通批,电子商务,政治 / 英语,管理学,电子商务概论,统考,33800,星湖校区,2800,不限
民办,广东工商职业技术大学,06,010,普通批,大数据与财务管理,政治 / 英语,管理学,基础会计学,统考,33800,星湖校区,2800,不限
民办,广东工商职业技术大学,06,011,普通批,大数据与会计,政治 / 英语,管理学,基础会计学,统考,33800,星湖校区,2800,不限
民办,广东工商职业技术大学,06,045,普通批,大数据与财务管理,政治 / 英语,管理学,基础会计学,统考,33800,星湖校区,2800,不限
民办,广东工商职业技术大学,06,046,普通批,大数据与会计,政治 / 英语,管理学,基础会计学,统考,33800,星湖校区,2800,不限
民办,广东工商职业技术大学,07,012,普通批,应用英语,政治 / 英语,大学语文,英语基础与写作,统考,33800,星湖校区,2800,不限
民办,广东工商职业技术大学,07,018,普通批,应用英语,政治 / 英语,大学语文,英语基础与写作,统考,33800,星湖校区,2800,不限
民办,广东工商职业技术大学,08,013,普通批,学前教育,政治 / 英语,教育理论,学前教育基础,统考,33800,星湖校区,2800,不限
民办,广东工商职业技术大学,09,014,普通批,环境艺术设计,政治 / 英语,艺术概论,设计基础,统考,34800,星湖校区,2800,不限
民办,广东工商职业技术大学,010,015,普通批,工程造价,政治 / 英语,管理学,新媒体文案策划与写作,校考,33800,星湖校区,2800,不限
民办,广东工商职业技术大学,011,016,普通批,网络与新媒体,政治 / 英语,大学语文,新媒体文案策划与写作,校考,33800,星湖校区,2800,不限
民办,广东工商职业技术大学,012,017,普通批,音乐表演,政治 / 英语,艺术概论,音乐技能考试,校考,35800,星湖校区,2800,不限
民办,广州华商学院,01,001,普通批,会计学,政治 / 英语,管理学,基础会计学,统考,34000,肇庆校区,3600,限招
民办,广州华商学院,01,002,普通批,财务管理,政治 / 英语,管理学,基础会计学,统考,34000,肇庆校区,3600,限招
民办,广州华商学院,01,003,普通批,审计学,政治 / 英语,管理学,基础会计学,统考,34000,肇庆校区,3600,限招
民办,广州华商学院,02,004,普通批,市场营销,政治 / 英语,管理学,市场营销学,统考,32500,肇庆校区,3600,不限
民办,广州华商学院,02,005,普通批,旅游管理,政治 / 英语,管理学,市场营销学,统考,32500,肇庆校区,3600,不限
民办,广州华商学院,02,006,普通批,工商管理,政治 / 英语,管理学,市场营销学,统考,32500,肇庆校区,3600,不限
民办,广州华商学院,02,007,普通批,国际商务,政治 / 英语,管理学,市场营销学,统考,32000,肇庆校区,3600,不限
民办,广州华商学院,03,008,普通批,行政管理,政治 / 英语,管理学,行政管理学,统考,32500,肇庆校区,3600,不限
民办,广州华商学院,04,009,普通批,人力资源管理,政治 / 英语,管理学,人力资源管理,统考,32500,肇庆校区,3600,不限
民办,广州华商学院,05,010,普通批,国际经济与贸易,政治 / 英语,经济学,国际贸易理论与实务,统考,32000,肇庆校区,3600,不限
民办,广州华商学院,05,011,普通批,经济统计学,政治 / 英语,经济学,国际贸易理论与实务,统考,32000,肇庆校区,3600,不限
民办,广州华商学院,05,012,普通批,数字经济,政治 / 英语,经济学,国际贸易理论与实务,统考,32000,肇庆校区,3600,不限
民办,广州华商学院,06,013,普通批,跨境电子商务,政治 / 英语,管理学,电子商务概论,统考,32000,肇庆校区,3600,不限
民办,广州华商学院,06,014,普通批,电子商务,政治 / 英语,管理学,电子商务概论,统考,32000,肇庆校区,3600,不限
民办,广州华商学院,07,015,普通批,金融学,政治 / 英语,经济学,金融学,统考,32800,肇庆校区,3600,不限
民办,广州华商学院,08,016,普通批,学前教育（师范）,政治 / 英语,教育理论,学前教育基础,统考,35000,肇庆校区,3600,不限
民办,广州华商学院,09,017,普通批,英语,政治 / 英语,大学语文,英语基础与写作,统考,34000,肇庆校区,3600,限招
民办,广州华商学院,10,018,普通批,汉语言文学,政治 / 英语,大学语文,汉语言文学学科基础,统考,34000,肇庆校区,3600,限招
民办,广州华商学院,11,019,普通批,新闻学,政治 / 英语,大学语文,汉语言文学学科基础,统考,34000,肇庆校区,3600,不限
民办,广州华商学院,11,020,普通批,广告学,政治 / 英语,大学语文,汉语言文学学科基础,统考,34000,肇庆校区,3600,不限
民办,广州华商学院,11,021,普通批,时尚传播,政治 / 英语,大学语文,汉语言文学学科基础,统考,34000,肇庆校区,3600,不限
民办,广州华商学院,12,022,普通批,动画,政治 / 英语,艺术概论,设计基础,统考,39000,肇庆校区,3600,不限
民办,广州华商学院,12,023,普通批,珠宝首饰设计与工艺,政治 / 英语,艺术概论,设计基础,统考,39000,肇庆校区,3600,不限
民办,广州华商学院,12,024,普通批,视觉传达设计,政治 / 英语,艺术概论,设计基础,统考,39000,肇庆校区,3600,不限
民办,广州华商学院,12,025,普通批,数字媒体艺术,政治 / 英语,艺术概论,设计基础,统考,39000,肇庆校区,3600,不限
民办,广州华商学院,12,026,普通批,环境设计,政治 / 英语,艺术概论,设计基础,统考,38000,肇庆校区,3600,不限
民办,广州华商学院,12,027,普通批,产品设计,政治 / 英语,艺术概论,设计基础,统考,38000,肇庆校区,3600,不限
民办,广州华商学院,13,028,普通批,健康服务与管理,政治 / 英语,管理学,市场营销学,统考,31000,广州校区,2000-4800,限招
民办,广州华商学院,13,029,普通批,医疗保险,政治 / 英语,管理学,市场营销学,统考,31000,广州校区,2000-4800,限招
民办,广州华商学院,14,030,普通批,计算机科学与技术,政治 / 英语,高等数学,计算机基础与程序设计,统考,36000,广州校区,2000-4800,限招
民办,广州华商学院,14,031,普通批,软件工程,政治 / 英语,高等数学,计算机基础与程序设计,统考,36000,广州校区,2000-4800,限招
民办,广州华商学院,15,032,普通批,会计学（国际会计班）,政治 / 英语,管理学,基础会计学,统考,43000,广州校区,2000-4800,限招
民办,广州华商学院,16,033,普通批,英语（涉外机构人才培养班）,政治 / 英语,大学语文,英语基础与写作,统考,43000,广州校区,2000-4800,限招
民办,广州华商学院,17,034,普通批,计算机科学与技术（计算机科学与国际化财经专业）,政治 / 英语,高等数学,计算机基础与程序设计,统考,43000,广州校区,2000-4800,限招
民办,广州华商学院,18,035,普通批,护理学,政治 / 英语,生理学,护理学基础,校考,35000,广州校区,2000-4800,限招
民办,广州华商学院,18,036,普通批,护理学（国际护理全英班）,政治 / 英语,生理学,护理学基础,校考,48000,广州校区,2000-4800,限招
民办,广州华商学院,19,037,普通批,化妆品科学与技术,政治 / 英语,生理学,微生物学,校考,35000,广州校区,2000-4800,限招
民办,广州华商学院,19,038,普通批,药学,政治 / 英语,生理学,微生物学,校考,35000,广州校区,2000-4800,限招
民办,广东白云学院,01,001,普通批,机械设计制造及其自动化,政治 / 英语,高等数学,机械工程基础,统考,32800,西校区,3500,限招
民办,广东白云学院,02,002,普通批,电气工程及其自动化,政治 / 英语,高等数学,电子技术基础,统考,32800,西校区,3500,限招
民办,广东白云学院,02,003,普通批,电子信息工程,政治 / 英语,高等数学,电子技术基础,统考,32800,西校区,3500,限招
民办,广东白云学院,03,004,普通批,人工智能,政治 / 英语,高等数学,计算机基础与程序设计,统考,32800,西校区,3500,限招
民办,广东白云学院,03,005,普通批,计算机科学与技术,政治 / 英语,高等数学,计算机基础与程序设计,统考,32800,西校区,3500,限招
民办,广东白云学院,03,006,普通批,软件工程,政治 / 英语,高等数学,计算机基础与程序设计,统考,32800,西校区,3500,限招
民办,广东白云学院,04,007,普通批,国际经济与贸易,政治 / 英语,经济学,国际贸易理论与实务,统考,31800,北校区,4500,不限
民办,广东白云学院,05,008,普通批,会计学,政治 / 英语,管理学,基础会计学,统考,31800,北校区,4500,限招
民办,广东白云学院,06,009,普通批,工商管理,政治 / 英语,管理学,市场营销学,统考,31800,北校区,4500,不限
民办,广东白云学院,06,010,普通批,市场营销,政治 / 英语,管理学,市场营销学,统考,31800,北校区,4500,不限
民办,广东白云学院,06,011,普通批,物流管理,政治 / 英语,管理学,市场营销学,统考,31800,北校区,4500,不限
民办,广东白云学院,07,012,普通批,社会工作,政治 / 英语,民法,法理学,统考,31800,北校区,4500,不限
民办,广东白云学院,08,013,普通批,人力资源管理,政治 / 英语,管理学,人力资源管理,统考,31800,北校区,4500,不限
民办,广东白云学院,09,014,普通批,跨境电子商务,政治 / 英语,管理学,电子商务概论,统考,31800,北校区,4500,不限
民办,广东白云学院,10,015,普通批,视觉传达设计,政治 / 英语,艺术概论,设计基础,统考,34800,北校区,4500,限招
民办,广东白云学院,10,016,普通批,艺术与科技,政治 / 英语,艺术概论,设计基础,统考,34800,北校区,4500,限招
民办,广东白云学院,10,017,普通批,艺术与科技,政治 / 英语,艺术概论,设计基础,统考,34800,北校区,4500,限招
民办,广东白云学院,10,018,普通批,数字媒体艺术,政治 / 英语,艺术概论,设计基础,统考,34800,北校区,4500,限招
民办,广东白云学院,17,019,普通批,商务英语,政治 / 英语,大学语文,英语基础与写作,统考,31800,北校区,4500,限招
民办,广东白云学院,11,020,普通批,英语,政治 / 英语,大学语文,英语基础与写作,统考,31800,北校区,4500,不限
民办,广东白云学院,12,021,普通批,学前教育,政治 / 英语,教育理论,学前教育基础,统考,31800,北校区,4500,不限
民办,广东白云学院,13,022,普通批,社会体育指导与管理,政治 / 英语,教育理论,体育概论,校考,31800,北校区,4500,限招
民办,广东白云学院,14,023,普通批,土木工程,政治 / 英语,高等数学,建筑材料,校考,32800,北校区,4500,限招
民办,广东白云学院,15,024,普通批,工程造价,政治 / 英语,管理学,工程项目管理,校考,31800,北校区,4500,限招
民办,广州新华学院,01,001,普通批,汉语言文学,政治 / 英语,大学语文,汉语言文学学科基础,统考,31980,东莞校区,3180,不限
民办,广州新华学院,02,002,普通批,英语,政治 / 英语,大学语文,英语基础与写作,统考,31980,东莞校区,3180,不限
民办,广州新华学院,03,003,普通批,商务英语,政治 / 英语,大学语文,英语基础与写作,统考,31980,东莞校区,3180,不限
民办,广州新华学院,04,004,普通批,法学,政治 / 英语,民法,法理学,统考,31980,东莞校区,3180,不限
民办,广州新华学院,05,005,普通批,社会工作,政治 / 英语,民法,社会工作综合能力,统考,29980,东莞校区,3180,不限
民办,广州新华学院,06,006,普通批,行政管理,政治 / 英语,管理学,行政管理学,统考,29980,东莞校区,3180,不限
民办,广州新华学院,07,007,普通批,公共关系学,政治 / 英语,管理学,行政管理学,统考,29980,东莞校区,3180,不限
民办,广州新华学院,08,008,普通批,人力资源管理,政治 / 英语,管理学,人力资源管理,统考,31980,东莞校区,3180,不限
民办,广州新华学院,09,009,普通批,工商管理,政治 / 英语,管理学,市场营销学,统考,31980,东莞校区,3180,不限
民办,广州新华学院,10,010,普通批,市场营销,政治 / 英语,管理学,市场营销学,统考,29980,东莞校区,3180,不限
民办,广州新华学院,10,011,普通批,电子商务,政治 / 英语,管理学,电子商务概论,统考,31980,东莞校区,3180,不限
民办,广州新华学院,11,012,普通批,物流管理,政治 / 英语,管理学,电子商务概论,统考,29980,东莞校区,3180,不限
民办,广州新华学院,11,013,普通批,会计学,政治 / 英语,管理学,基础会计学,统考,31980,东莞校区,3180,不限
民办,广州新华学院,12,014,普通批,审计学,政治 / 英语,管理学,基础会计学,统考,31980,东莞校区,3180,不限
民办,广州新华学院,13,015,普通批,财务管理,政治 / 英语,管理学,基础会计学,统考,31980,东莞校区,3180,不限
民办,广州新华学院,09,016,普通批,工商管理（创新班）,政治 / 英语,管理学,市场营销学,统考,31980,东莞校区,3180,不限
民办,广州新华学院,11,017,普通批,国际经济与贸易,政治 / 英语,经济学,国际贸易理论与实务,统考,31980,东莞校区,3180,不限
民办,广州新华学院,12,018,普通批,金融工程,政治 / 英语,经济学,金融学,统考,31980,东莞校区,3180,不限
民办,广州新华学院,12,019,普通批,经济学,政治 / 英语,经济学,金融学,统考,29980,东莞校区,3180,不限
民办,广州新华学院,12,020,普通批,投资学,政治 / 英语,经济学,金融学,统考,29980,东莞校区,3180,不限
民办,广州新华学院,12,021,普通批,经济统计学,政治 / 英语,经济学,金融学,统考,31980,东莞校区,3180,不限
民办,广州新华学院,12,022,普通批,税收学,政治 / 英语,经济学,金融学,统考,29980,东莞校区,3180,不限
民办,广州新华学院,12,023,普通批,互联网金融,政治 / 英语,经济学,金融学,统考,31980,东莞校区,3180,不限
民办,广州新华学院,13,024,普通批,计算机科学与技术,政治 / 英语,高等数学,计算机基础与程序设计,统考,34980,东莞校区,3180,不限
民办,广州新华学院,14,025,普通批,软件工程,政治 / 英语,高等数学,计算机基础与程序设计,统考,34980,东莞校区,3180,不限
民办,广州新华学院,15,026,普通批,电子信息科学与技术,政治 / 英语,高等数学,电子技术基础,统考,34980,东莞校区,3180,不限
民办,广州新华学院,16,027,普通批,电气工程及其自动化,政治 / 英语,高等数学,电子技术基础,统考,31980,东莞校区,3180,不限
民办,广州新华学院,17,028,普通批,数字媒体技术,政治 / 英语,高等数学,计算机基础与程序设计,统考,31980,东莞校区,3180,不限
民办,广州新华学院,18,029,普通批,智能制造工程,政治 / 英语,高等数学,计算机基础与程序设计,统考,31980,东莞校区,3180,不限
民办,广州新华学院,19,030,普通批,人工智能,政治 / 英语,高等数学,计算机基础与程序设计,统考,31980,东莞校区,3180,不限
民办,广州新华学院,20,031,普通批,人工智能（卓越创新班）,政治 / 英语,高等数学,计算机基础与程序设计,统考,34980,东莞校区,3180,不限
民办,广州新华学院,21,032,普通批,数据科学与大数据技术,政治 / 英语,高等数学,计算机基础与程序设计,统考,34980,东莞校区,3180,不限
民办,广州新华学院,22,033,普通批,艺术设计学,政治 / 英语,艺术概论,设计基础,统考,31980,东莞校区,3180,不限
民办,广州新华学院,22,034,普通批,服装与服饰设计,政治 / 英语,艺术概论,设计基础,统考,31980,东莞校区,3180,不限
民办,广州新华学院,23,035,普通批,学前教育,政治 / 英语,教育理论,学前教育基础,统考,31980,东莞校区,3180,不限
民办,广州新华学院,24,036,普通批,网络与新媒体,政治 / 英语,大学语文,网络新闻采写,校考,31980,东莞校区,3180,不限
民办,广州新华学院,25,037,普通批,信息资源管理,政治 / 英语,管理学,信息资源管理,校考,31980,广州校区,2000-2300,不限
民办,广州新华学院,26,038,普通批,健康服务与管理,政治 / 英语,管理学,健康管理学,校考,31980,广州校区,2000-2300,不限
民办,广州新华学院,27,039,普通批,护理学,政治 / 英语,生理学,护理学基础,校考,31980,广州校区,2000-2300,限招
民办,广州新华学院,28,040,普通批,药学,政治 / 英语,生理学,药学综合,校考,31980,广州校区,2000-2300,限招
民办,广州新华学院,29,041,普通批,音乐学,政治 / 英语,艺术概论,音乐基础理论笔试+专业现场测试,校考,36980,东莞校区,3180,限招
民办,广州新华学院,30,042,普通批,自然地理与资源环境,政治 / 英语,高等数学,自然地理学,校考,31980,东莞校区,3180,不限
民办,广州新华学院,31,043,普通批,人文地理与城乡规划,政治 / 英语,高等数学,人文地理学,校考,31980,东莞校区,3180,不限
民办,广州新华学院,32,044,普通批,风景园林,政治 / 英语,高等数学,风景园林规划设计,校考,31980,东莞校区,3180,不限
民办,广州新华学院,33,045,普通批,休闲体育,政治 / 英语,教育理论,体育概论,校考,31980,东莞校区,3180,限招
民办,广州新华学院,34,046,普通批,康复治疗学,政治 / 英语,生理学,康复综合,校考,31980,广州校区,2000-2300,限招
民办,广州新华学院,35,047,普通批,听力与言语康复学,政治 / 英语,生理学,耳咽喉疾病概要,校考,31980,广州校区,2000-2300,限招
民办,广州新华学院,36,048,普通批,医学影像技术,政治 / 英语,生理学,医学影像物理学,校考,31980,广州校区,2000-2300,限招
民办,广州新华学院,37,049,普通批,生物医学工程,政治 / 英语,高等数学,模拟电子技术,校考,31980,广州校区,2000-2300,限招
民办,广东东软学院,01,001,普通批,软件工程,政治 / 英语,高等数学,计算机基础与程序设计,统考,30800,佛山校区,3000,不限
民办,广东东软学院,01,002,普通批,网络工程,政治 / 英语,高等数学,计算机基础与程序设计,统考,30800,佛山校区,3000,不限
民办,广东东软学院,02,003,普通批,计算机科学与技术,政治 / 英语,高等数学,计算机基础与程序设计,统考,30800,佛山校区,3000,不限
民办,广东东软学院,02,004,普通批,数字媒体技术,政治 / 英语,高等数学,计算机基础与程序设计,统考,30800,佛山校区,3000,不限
民办,广东东软学院,03,005,普通批,电子信息工程,政治 / 英语,高等数学,电子技术基础,统考,30800,佛山校区,3000,不限
民办,广东东软学院,04,006,普通批,财务管理,政治 / 英语,管理学,基础会计学,统考,30800,佛山校区,3000,不限
民办,广东东软学院,05,007,普通批,市场营销,政治 / 英语,管理学,市场营销学,统考,30800,佛山校区,3000,不限
民办,广东东软学院,05,008,普通批,工商管理,政治 / 英语,管理学,市场营销学,统考,30800,佛山校区,3000,不限
民办,广东东软学院,06,009,普通批,大数据管理与应用,政治 / 英语,高等数学,市场营销学,统考,30800,佛山校区,3000,不限
民办,广东东软学院,07,010,普通批,电子商务,政治 / 英语,管理学,电子商务概论,统考,30800,佛山校区,3000,不限
民办,广东东软学院,08,011,普通批,商务英语,政治 / 英语,大学语文,英语基础与写作,统考,30800,佛山校区,3000,不限
民办,广东东软学院,09,012,普通批,视觉传达设计,政治 / 英语,艺术概论,设计基础,统考,33800,佛山校区,3000,不限
民办,广东东软学院,09,013,普通批,环境设计,政治 / 英语,艺术概论,设计基础,统考,33800,佛山校区,3000,不限
民办,广东东软学院,10,014,普通批,动画,政治 / 英语,艺术概论,设计基础,统考,33800,佛山校区,3000,不限
民办,广东东软学院,10,015,普通批,数字媒体艺术,政治 / 英语,艺术概论,设计基础,统考,33800,佛山校区,3000,不限
民办,广州工商学院,01,001,普通批,电子信息工程,政治 / 英语,高等数学,电子技术基础,统考,33900,佛山校区,2900-6500,不限
民办,广州工商学院,01,002,普通批,通信工程,政治 / 英语,高等数学,电子技术基础,统考,33900,佛山校区,2800-6500,不限
民办,广州工商学院,02,003,普通批,软件工程,政治 / 英语,高等数学,计算机基础与程序设计,统考,33900,佛山校区,2800-6500,不限
民办,广州工商学院,02,004,普通批,网络工程,政治 / 英语,高等数学,计算机基础与程序设计,统考,33900,佛山校区,2800-6500,不限
民办,广州工商学院,02,005,普通批,数字媒体技术,政治 / 英语,高等数学,计算机基础与程序设计,统考,33900,佛山校区,2800-6500,不限
民办,广州工商学院,02,006,普通批,数据科学与大数据技术,政治 / 英语,高等数学,计算机基础与程序设计,统考,33900,佛山校区,2800-6500,不限
民办,广州工商学院,02,007,普通批,人工智能,政治 / 英语,高等数学,计算机基础与程序设计,统考,33900,佛山校区,2800-6500,不限
民办,广州工商学院,03,008,普通批,食品质量与安全,政治 / 英语,高等数学,食品分析,校考,33900,佛山校区,2800-6500,不限
民办,广州工商学院,03,009,普通批,食品营养与检验教育,政治 / 英语,高等数学,食品分析,校考,33900,佛山校区,2800-6500,不限
民办,广州工商学院,04,010,普通批,会计学,政治 / 英语,管理学,基础会计学,统考,32600,佛山校区,2800-6500,不限
民办,广州工商学院,04,011,普通批,财务管理,政治 / 英语,管理学,基础会计学,统考,32600,佛山校区,2800-6500,不限
民办,广州工商学院,04,012,普通批,审计学,政治 / 英语,管理学,基础会计学,统考,32600,佛山校区,2800-6500,不限
民办,广州工商学院,05,013,普通批,人力资源管理,政治 / 英语,管理学,人力资源管理,统考,32600,佛山校区,2800-6500,不限
民办,广州工商学院,06,014,普通批,工商管理,政治 / 英语,管理学,市场营销学,统考,33700,佛山校区,2800-6500,不限
民办,广州工商学院,07,015,普通批,物流管理,政治 / 英语,管理学,市场营销学,统考,33700,佛山校区,2800-6500,不限
民办,广州工商学院,07,016,普通批,大数据管理与应用,政治 / 英语,管理学,电子商务概论,统考,32600,佛山校区,2800-6500,不限
民办,广州工商学院,08,017,普通批,市场营销,政治 / 英语,管理学,市场营销学,统考,33700,广州校区,2200-6500,不限
民办,广州工商学院,09,018,普通批,电子商务,政治 / 英语,管理学,电子商务概论,统考,32600,广州校区,2200-6500,不限
民办,广州工商学院,09,019,普通批,跨境电子商务,政治 / 英语,管理学,电子商务概论,统考,32600,广州校区,2200-6500,不限
民办,广州工商学院,10,020,普通批,国际经济与贸易,政治 / 英语,经济学,国际贸易理论与实务,统考,33700,广州校区,2200-6500,不限
民办,广州工商学院,11,021,普通批,投资学,政治 / 英语,经济学,金融学,统考,32600,广州校区,2200-6500,不限
民办,广州工商学院,11,022,普通批,数字经济,政治 / 英语,经济学,金融学,统考,33900,广州校区,2200-6500,不限
民办,广州工商学院,11,023,普通批,金融科技,政治 / 英语,经济学,金融学,统考,33900,广州校区,2200-6500,不限
民办,广州工商学院,12,024,普通批,商务英语,政治 / 英语,大学语文,英语基础与写作,统考,32600,广州校区,2200-6500,不限
民办,广州工商学院,13,025,普通批,日语,政治,大学语文,"综合日语，专业课：日语翻译与写作",校考,32600,广州校区,2200-6500,不限
民办,广州工商学院,14,026,普通批,公共艺术,政治 / 英语,艺术概论,设计基础,统考,37900,广州校区,2200-6500,不限
民办,广州工商学院,14,027,普通批,视觉传达设计,政治 / 英语,艺术概论,设计基础,统考,37900,广州校区,2200-6500,不限
民办,广州工商学院,14,028,普通批,环境设计,政治 / 英语,艺术概论,设计基础,统考,37900,广州校区,2200-6500,不限
民办,广州工商学院,15,029,普通批,舞蹈编导,政治 / 英语,艺术概论,舞蹈专业面试,校考,37900,广州校区,2200-6500,不限
民办,广州工商学院,16,030,普通批,音乐表演,政治 / 英语,艺术概论,音乐表演面试,校考,37900,广州校区,2200-6500,不限
民办,广州工商学院,17,031,普通批,学前教育,政治 / 英语,教育理论,学前教育基础,统考,46600,广州校区,2200-6500,不限
民办,广东外语外贸大学南国商学院,01,001,普通批,商务英语,政治 / 英语,大学语文,英语基础与写作,统考,35000,广州市白云区,1200-3500,不限
民办,广东外语外贸大学南国商学院,02,002,普通批,国际经济与贸易,政治 / 英语,经济学,国际贸易理论与实务,统考,32500,广州市白云区,1200-3500,不限
民办,广东外语外贸大学南国商学院,03,003,普通批,电子商务,政治 / 英语,管理学,电子商务概论,统考,32500,广州市白云区,1200-3500,不限
民办,广东外语外贸大学南国商学院,04,004,普通批,会计学,政治 / 英语,管理学,基础会计学,统考,32500,广州市白云区,1200-3500,不限
民办,广东外语外贸大学南国商学院,05,005,普通批,市场营销,政治 / 英语,管理学,市场营销学,统考,32500,广州市白云区,1200-3500,不限
民办,广东外语外贸大学南国商学院,05,006,普通批,旅游管理,政治 / 英语,管理学,市场营销学,校考,32500,广州市白云区,1200-3500,不限
民办,广东外语外贸大学南国商学院,06,007,普通批,人力资源管理,政治 / 英语,管理学,人力资源管理,统考,32500,广州市白云区,1200-3500,不限
民办,广东外语外贸大学南国商学院,07,008,普通批,汉语言文学,政治 / 英语,大学语文,汉语言文学学科基础,统考,32500,广州市白云区,1200-3500,不限
民办,广东外语外贸大学南国商学院,08,009,普通批,学前教育（师范）,政治 / 英语,教育理论,学前教育基础,统考,32500,广州市白云区,1200-3500,不限
民办,广东外语外贸大学南国商学院,09,010,普通批,小学教育（师范）,政治 / 英语,教育理论,小学教育专业综合,校考,32500,广州市白云区,1200-3500,不限
民办,广东外语外贸大学南国商学院,10,011,普通批,计算机科学与技术,政治 / 英语,高等数学,计算机基础与程序设计,统考,32500,广州市白云区,1200-3500,不限
民办,广东外语外贸大学南国商学院,10,012,普通批,软件工程,政治 / 英语,高等数学,计算机基础与程序设计,统考,32500,广州市白云区,1200-3500,不限
民办,广东外语外贸大学南国商学院,11,013,普通批,日语,政治,大学语文,基础日语，专业课：日语翻译与写作,校考,32500,广州市白云区,1200-3500,不限
民办,广东外语外贸大学南国商学院,12,014,普通批,朝鲜语,政治,大学语文,基础韩国语，专业课：韩国语翻译与写作,校考,32500,广州市白云区,1200-3500,不限
民办,广东外语外贸大学南国商学院,13,015,普通批,葡萄牙语,政治,大学语文,基础葡萄牙语，专业课：葡萄牙语翻译与写作,校考,32500,广州市白云区,1200-3500,不限
民办,广东外语外贸大学南国商学院,14,016,普通批,俄语,政治,大学语文,基础俄语，专业课：俄语翻译与写作,校考,32500,广州市白云区,1200-3500,不限
民办,广州软件学院,01,001,普通批,软件工程,政治 / 英语,高等数学,计算机基础与程序设计,统考,32000,广州校区,1500-3800,不限
民办,广州软件学院,01,002,普通批,电子与计算机工程,政治 / 英语,高等数学,计算机基础与程序设计,统考,32000,广州校区,1500-3800,不限
民办,广州软件学院,02,003,普通批,计算机科学与技术,政治 / 英语,高等数学,计算机基础与程序设计,统考,32000,广州校区,1500-3800,不限
民办,广州软件学院,02,004,普通批,物联网工程,政治 / 英语,高等数学,计算机基础与程序设计,统考,32000,广州校区,1500-3800,不限
民办,广州软件学院,02,005,普通批,网络工程,政治 / 英语,高等数学,计算机基础与程序设计,统考,32000,广州校区,1500-3800,限招
民办,广州软件学院,02,006,普通批,网络空间安全,政治 / 英语,高等数学,计算机基础与程序设计,统考,32000,广州校区,1500-3800,限招
民办,广州软件学院,07,007,普通批,数据科学与大数据技术,政治 / 英语,高等数学,计算机基础与程序设计,统考,32000,广州校区,1500-3800,不限
民办,广州软件学院,07,008,普通批,信息管理与信息系统,政治 / 英语,管理学,计算机基础与程序设计,统考,32000,广州校区,1500-3800,不限
民办,广州软件学院,09,010,普通批,智能科学与技术,政治 / 英语,高等数学,计算机基础与程序设计,统考,36000,广州校区,1500-3800,不限
民办,广州软件学院,09,011,普通批,数字媒体技术,政治 / 英语,高等数学,计算机基础与程序设计,统考,36000,广州校区,1500-3800,不限
民办,广州软件学院,08,013,普通批,电子信息工程,政治 / 英语,高等数学,电子技术基础,统考,32000,广州校区,1500-3800,不限
民办,广州软件学院,08,014,普通批,通信工程,政治 / 英语,高等数学,电子技术基础,统考,32000,广州校区,1500-3800,不限
民办,广州软件学院,08,015,普通批,自动化,政治 / 英语,高等数学,电子技术基础,统考,32000,广州校区,1500-3800,不限
民办,广州软件学院,10,016,普通批,物流管理,政治 / 英语,管理学,市场营销学,统考,31000,广州校区,1500-3800,不限
民办,广州软件学院,10,017,普通批,市场营销,政治 / 英语,管理学,市场营销学,统考,31000,广州校区,1500-3800,不限
民办,广州软件学院,10,018,普通批,工商管理,政治 / 英语,管理学,市场营销学,统考,31000,广州校区,1500-3800,不限
民办,广州软件学院,11,019,普通批,人力资源管理,政治 / 英语,管理学,人力资源管理,统考,31000,广州校区,1500-3800,不限
民办,广州软件学院,12,020,普通批,行政管理,政治 / 英语,管理学,行政管理学,统考,31000,广州校区,1500-3800,不限
民办,广州软件学院,13,021,普通批,会计学,政治 / 英语,管理学,基础会计学,统考,31000,广州校区,1500-3800,不限
民办,广州软件学院,13,022,普通批,财务管理,政治 / 英语,管理学,基础会计学,统考,31000,广州校区,1500-3800,不限
民办,广州软件学院,14,023,普通批,国际经济与贸易,政治 / 英语,经济学,国际贸易理论与实务,统考,31000,广州校区,1500-3800,不限
民办,广州软件学院,15,024,普通批,电子商务,政治 / 英语,管理学,电子商务概论,统考,31000,广州校区,1500-3800,不限
民办,广州软件学院,16,025,普通批,英语,政治 / 英语,大学语文,英语基础与写作,统考,31000,广州校区,1500-3800,不限
民办,广州软件学院,17,026,普通批,网络与新媒体,政治 / 英语,大学语文,汉语言文学学科基础,统考,31000,广州校区,1500-3800,不限
民办,广州软件学院,18,027,普通批,风景园林,政治 / 英语,艺术概论,风景园林规划与设计,校考,36000,广州校区,1500-3800,不限
民办,广州软件学院,19,028,普通批,动画,政治 / 英语,艺术概论,设计基础,统考,40000,广州校区,1500-3800,不限
民办,广州软件学院,20,029,普通批,环境设计,政治 / 英语,艺术概论,设计基础,统考,36000,广州校区,1500-3800,限招
民办,广州软件学院,20,030,普通批,视觉传达设计,政治 / 英语,艺术概论,设计基础,统考,36000,广州校区,1500-3800,限招
民办,广州软件学院,21,032,普通批,数字媒体艺术,政治 / 英语,艺术概论,设计基础,统考,36000,广州校区,1500-3800,限招
民办,广东理工学院,01,001,普通批,社会体育指导与管理,政治 / 英语,教育理论,体育综合,校考,31800,肇庆市,2100-3500,不限
民办,广东理工学院,02,002,普通批,国际经济与贸易,政治 / 英语,经济学,国际贸易理论与实务,统考,31800,肇庆市,2100-3500,不限
民办,广东理工学院,03,003,普通批,金融工程,政治 / 英语,经济学,金融学,统考,31800,肇庆市,2100-3500,不限
民办,广东理工学院,03,004,普通批,互联网金融,政治 / 英语,经济学,金融学,统考,31800,肇庆市,2100-3500,不限
民办,广东理工学院,04,005,普通批,电子商务,政治 / 英语,管理学,电子商务概论,统考,31800,肇庆市,2100-3500,不限
民办,广东理工学院,05,006,普通批,跨境电子商务,政治 / 英语,管理学,跨境电子商务概论,校考,31800,肇庆市,2100-3500,不限
民办,广东理工学院,06,007,普通批,物流管理,政治 / 英语,管理学,物流管理,校考,31800,肇庆市,2100-3500,不限
民办,广东理工学院,07,008,普通批,标准化工程,政治 / 英语,管理学,标准化概论,校考,31800,肇庆市,2100-3500,不限
民办,广东理工学院,08,009,普通批,工程管理,政治 / 英语,管理学,建设工程项目管理,校考,31800,肇庆市,2100-3500,不限
民办,广东理工学院,08,010,普通批,工程造价,政治 / 英语,管理学,建设工程项目管理,校考,31800,肇庆市,2100-3500,不限
民办,广东理工学院,09,011,普通批,会计学,政治 / 英语,管理学,基础会计学,统考,31800,肇庆市,2100-3500,不限
民办,广东理工学院,09,012,普通批,财务管理,政治 / 英语,管理学,基础会计学,统考,31800,肇庆市,2100-3500,不限
民办,广东理工学院,10,013,普通批,土木工程,政治 / 英语,高等数学,建筑力学与结构,校考,31800,肇庆市,2100-3500,不限
民办,广东理工学院,11,014,普通批,电子信息工程,政治 / 英语,高等数学,电子技术基础,统考,31800,肇庆市,2100-3500,不限
民办,广东理工学院,11,015,普通批,通信工程,政治 / 英语,高等数学,电子技术基础,统考,31800,肇庆市,2100-3500,不限
民办,广东理工学院,11,016,普通批,电气工程及其自动化,政治 / 英语,高等数学,电子技术基础,统考,31800,肇庆市,2100-3500,不限
民办,广东理工学院,12,017,普通批,自动化,政治 / 英语,高等数学,电工电子技术基础,校考,31800,肇庆市,2100-3500,不限
民办,广东理工学院,13,018,普通批,工业工程,政治 / 英语,管理学,机械工程基础,统考,31800,肇庆市,2100-3500,不限
民办,广东理工学院,13,019,普通批,机械设计制造及其自动化,政治 / 英语,高等数学,机械工程基础,统考,31800,肇庆市,2100-3500,不限
民办,广东理工学院,13,020,普通批,机械电子工程,政治 / 英语,高等数学,机械工程基础,统考,31800,肇庆市,2100-3500,不限
民办,广东理工学院,13,021,普通批,交通运输,政治 / 英语,高等数学,机械工程基础,统考,31800,肇庆市,2100-3500,不限
民办,广东理工学院,13,022,普通批,车辆工程,政治 / 英语,高等数学,机械工程基础,统考,31800,肇庆市,2100-3500,不限
民办,广东理工学院,13,023,普通批,汽车服务工程,政治 / 英语,高等数学,机械工程基础,统考,31800,肇庆市,2100-3500,不限
民办,广东理工学院,13,024,普通批,机器人工程,政治 / 英语,高等数学,机械工程基础,统考,31800,肇庆市,2100-3500,不限
民办,广东理工学院,14,025,普通批,计算机科学与技术,政治 / 英语,高等数学,计算机基础与程序设计,统考,31800,肇庆市,2100-3500,不限
民办,广东理工学院,14,026,普通批,软件工程,政治 / 英语,高等数学,计算机基础与程序设计,统考,31800,肇庆市,2100-3500,不限
民办,广东理工学院,14,027,普通批,网络工程,政治 / 英语,高等数学,计算机基础与程序设计,统考,31800,肇庆市,2100-3500,不限
民办,广东理工学院,14,028,普通批,人工智能,政治 / 英语,高等数学,计算机基础与程序设计,统考,31800,肇庆市,2100-3500,不限
民办,广东理工学院,15,029,普通批,服装设计与工程,政治 / 英语,高等数学,服装设计,校考,31800,肇庆市,2100-3500,不限
民办,广东理工学院,15,030,普通批,服装与服饰设计,政治 / 英语,艺术概论,服装设计,校考,31800,肇庆市,2100-3500,不限
民办,广东理工学院,15,031,普通批,艺术设计学,政治 / 英语,艺术概论,设计基础,统考,31800,肇庆市,2100-3500,不限
民办,广东理工学院,15,032,普通批,视觉传达设计,政治 / 英语,艺术概论,设计基础,统考,31800,肇庆市,2100-3500,不限
民办,广东理工学院,16,033,普通批,环境设计,政治 / 英语,艺术概论,设计基础,统考,31800,肇庆市,2100-3500,不限
民办,广东理工学院,16,034,普通批,风景园林,政治 / 英语,艺术概论,设计基础,统考,31800,肇庆市,2100-3500,不限
民办,广东理工学院,17,035,普通批,日语,政治,大学语文,"日语基础与写作，专业课：日语语法",校考,31800,肇庆市,2100-3500,不限
民办,广东理工学院,18,036,普通批,翻译,政治 / 英语,大学语文,综合英语与笔译,校考,31800,肇庆市,2100-3500,不限
民办,广东理工学院,19,037,普通批,商务英语,政治 / 英语,大学语文,英语基础与写作,统考,31800,肇庆市,2100-3500,不限
民办,广州华立学院,01,001,普通批,国际经济与贸易,政治 / 英语,经济学,国际贸易理论与实务,统考,34800,广州校区,2300-5600,不限
民办,广州华立学院,02,002,普通批,工商管理,政治 / 英语,管理学,市场营销学,统考,34800,广州校区,2300-5600,不限
民办,广州华立学院,02,003,普通批,市场营销,政治 / 英语,管理学,市场营销学,统考,34800,广州校区,2300-5600,不限
民办,广州华立学院,02,004,普通批,物流管理,政治 / 英语,管理学,市场营销学,统考,34800,广州校区,2300-5600,不限
民办,广州华立学院,03,005,普通批,人力资源管理,政治 / 英语,管理学,人力资源管理,统考,34800,广州校区,2300-5600,不限
民办,广州华立学院,04,006,普通批,会计学,政治 / 英语,管理学,基础会计学,统考,34800,广州校区,2300-5600,不限
民办,广州华立学院,04,007,普通批,财务管理,政治 / 英语,管理学,基础会计学,统考,34800,广州校区,2300-5600,不限
民办,广州华立学院,05,008,普通批,电气工程及其自动化,政治 / 英语,高等数学,电子技术基础,统考,34800,江门校区,2300-5600,不限
民办,广州华立学院,06,009,普通批,机械设计制造及其自动化,政治 / 英语,高等数学,机械工程基础,统考,34800,江门校区,2300-5600,不限
民办,广州华立学院,07,010,普通批,计算机科学与技术,政治 / 英语,高等数学,计算机基础与程序设计,统考,34800,广州校区,2300-5600,限招
民办,广州华立学院,08,011,普通批,英语,政治 / 英语,大学语文,英语基础与写作,统考,34800,广州校区,2300-5600,不限
民办,广州华立学院,09,012,普通批,环境设计,政治 / 英语,艺术概论,设计基础,统考,37800,广州校区,2300-5600,不限
民办,广州华立学院,09,013,普通批,视觉传达设计,政治 / 英语,艺术概论,设计基础,统考,37800,广州校区,2300-5600,不限
民办,广州华立学院,09,014,普通批,动画,政治 / 英语,艺术概论,设计基础,统考,37800,广州校区,2300-5600,不限
民办,广州华立学院,10,015,普通批,学前教育,政治 / 英语,教育理论,学前教育基础,统考,34800,江门校区,2300-5600,不限
民办,广州华立学院,11,016,普通批,汉语言文学,政治 / 英语,大学语文,汉语言文学学科基础,统考,34800,江门校区,2300-5600,不限
民办,广州华立学院,12,017,普通批,工程管理,政治 / 英语,高等数学,建筑工程概预算,校考,34800,江门校区,2300-5600,不限
民办,广州华立学院,12,018,普通批,工程造价,政治 / 英语,高等数学,建筑工程概预算,校考,34800,江门校区,2300-5600,不限
民办,广州华立学院,14,020,普通批,新闻学,政治 / 英语,大学语文,新闻理论,校考,34800,江门校区,2300-5600,不限
民办,广州华立学院,14,021,普通批,网络与新媒体,政治 / 英语,大学语文,新闻理论,校考,34800,广州校区,2300-5600,不限
民办,广州华立学院,15,022,普通批,护理学,政治 / 英语,生理学,护理学综合,校考,34800,江门校区,2300-5600,限招
民办,广州华立学院,16,023,普通批,音乐教育,政治 / 英语,艺术概论,专业技能测试,校考,37800,江门校区,2300-5600,不限
民办,广州华立学院,17,024,普通批,药学,政治 / 英语,生理学,药理学,校考,34800,江门校区,2300-5600,限招
民办,广州华立学院,18,025,普通批,中药学,政治 / 英语,生理学,中药学综合,校考,34800,江门校区,2300-5600,限招
民办,广州华立学院,19,026,普通批,资源勘查工程,政治 / 英语,高等数学,普通地质学,校考,34800,江门校区,2300-5600,不限
民办,广州华立学院,20,027,普通批,小学教育,政治 / 英语,教育理论,小学教育专业综合,校考,34800,江门校区,2300-5600,限招
民办,广州华立学院,21,028,普通批,体育教育,政治 / 英语,教育理论,专业综合测试,校考,34800,江门校区,2300-5600,不限
民办,广州应用科技学院,01,001,普通批,法学,政治 / 英语,民法,法理学,统考,31800,肇庆校区,4000,不限
民办,广州应用科技学院,02,002,普通批,计算机科学与技术,政治 / 英语,高等数学,计算机基础与程序设计,统考,31800,肇庆校区,4000,不限
民办,广州应用科技学院,03,003,普通批,电气工程及其自动化,政治 / 英语,高等数学,电子技术基础,统考,31800,肇庆校区,4000,不限
民办,广州应用科技学院,04,004,普通批,市场营销,政治 / 英语,管理学,市场营销学,统考,31800,肇庆校区,4000,不限
民办,广州应用科技学院,05,005,普通批,行政管理,政治 / 英语,管理学,行政管理学,统考,31800,肇庆校区,4000,不限
民办,广州应用科技学院,06,006,普通批,英语,政治 / 英语,大学语文,英语基础与写作,统考,31800,肇庆校区,4000,不限
民办,广州应用科技学院,07,007,普通批,汉语言文学,政治 / 英语,大学语文,汉语言文学学科基础,统考,31800,肇庆校区,4000,不限
民办,广州应用科技学院,08,008,普通批,社会体育指导与管理,政治 / 英语,教育理论,体育社会学,校考,31800,肇庆校区,4000,限招
民办,广州应用科技学院,09,009,普通批,运动康复,政治 / 英语,教育理论,运动解剖学,校考,31800,肇庆校区,4000,限招
民办,广州应用科技学院,10,010,普通批,播音与主持艺术,政治 / 英语,艺术概论,播音主持创作基础,校考,31800,肇庆校区,4000,不限
民办,广州应用科技学院,11,011,普通批,美术学,政治 / 英语,艺术概论,设计基础,统考,34800,肇庆校区,4000,不限
民办,广州应用科技学院,11,012,普通批,视觉传达设计,政治 / 英语,艺术概论,设计基础,统考,34800,肇庆校区,4000,不限
民办,广州应用科技学院,12,013,普通批,音乐学,政治 / 英语,艺术概论,音乐技能测试,校考,39800,肇庆校区,4000,不限
民办,华南农业大学珠江学院,1,1,普通批,视觉传达设计,政治 / 英语,艺术概论,设计基础,统考,49800,广州市从化区,3500-6500,不限
民办,华南农业大学珠江学院,1,2,普通批,环境设计,政治 / 英语,艺术概论,设计基础,统考,49800,广州市从化区,3500-6500,不限
民办,华南农业大学珠江学院,2,3,普通批,汉语言文学,政治 / 英语,大学语文,汉语言文学学科基础,统考,35000,广州市从化区,3500-6500,不限
民办,华南农业大学珠江学院,3,4,普通批,英语,政治 / 英语,大学语文,英语基础与写作,统考,35000,广州市从化区,3500-6500,不限
民办,华南农业大学珠江学院,3,5,普通批,商务英语,政治 / 英语,大学语文,英语基础与写作,统考,35000,广州市从化区,3500-6500,不限
民办,华南农业大学珠江学院,4,6,普通批,计算机科学与技术,政治 / 英语,高等数学,计算机基础与程序设计,统考,35000,广州市从化区,3500-6500,不限
民办,华南农业大学珠江学院,4,7,普通批,网络工程,政治 / 英语,高等数学,计算机基础与程序设计,统考,35000,广州市从化区,3500-6500,不限
民办,华南农业大学珠江学院,5,8,普通批,电气工程及其自动化,政治 / 英语,高等数学,电子技术基础,统考,35000,广州市从化区,3500-6500,不限
民办,华南农业大学珠江学院,5,9,普通批,电子信息工程,政治 / 英语,高等数学,电子技术基础,统考,35000,广州市从化区,3500-6500,不限
民办,华南农业大学珠江学院,6,10,普通批,财务管理,政治 / 英语,管理学,基础会计学,统考,35000,广州市从化区,3500-6500,不限
民办,华南农业大学珠江学院,6,12,普通批,会计学,政治 / 英语,管理学,基础会计学,统考,35000,广州市从化区,3500-6500,不限
民办,华南农业大学珠江学院,7,11,普通批,市场营销,政治 / 英语,管理学,市场营销学,统考,35000,广州市从化区,3500-6500,不限
民办,华南农业大学珠江学院,8,13,普通批,国际经济与贸易,政治 / 英语,经济学,国际贸易理论与实务,统考,35000,广州市从化区,3500-6500,不限
民办,华南农业大学珠江学院,9,14,普通批,金融工程,政治 / 英语,经济学,金融学,统考,35000,广州市从化区,3500-6500,不限
民办,华南农业大学珠江学院,10,15,普通批,人力资源管理,政治 / 英语,管理学,人力资源管理,统考,35000,广州市从化区,3500-6500,不限
民办,华南农业大学珠江学院,11,16,普通批,数字媒体艺术,政治 / 英语,艺术概论,专业设计,校考,49800,广州市从化区,3500-6500,不限
民办,华南农业大学珠江学院,12,17,普通批,小学教育,政治 / 英语,教育理论,小学教育专业综合,校考,49800,广州市从化区,3500-6500,不限
民办,华南农业大学珠江学院,13,18,普通批,书法学,政治 / 英语,艺术概论,书法学基础,校考,49800,广州市从化区,3500-6500,不限
民办,华南农业大学珠江学院,14,19,普通批,物流管理,政治 / 英语,管理学,物流与供应链管理,校考,35000,广州市从化区,3500-6500,不限
民办,华南农业大学珠江学院,15,20,普通批,数字经济,政治 / 英语,经济学,数字化运营管理,校考,35000,广州市从化区,3500-6500,不限
民办,华南农业大学珠江学院,16,21,普通批,戏剧影视文学,政治 / 英语,艺术概论,影视编剧,校考,49800,广州市从化区,3500-6500,不限
民办,华南农业大学珠江学院,17,22,普通批,影视摄影与制作,政治 / 英语,艺术概论,影视摄制基础,校考,49800,广州市从化区,3500-6500,不限
民办,华南农业大学珠江学院,18,23,普通批,摄影,政治 / 英语,艺术概论,摄影基础,校考,49800,广州市从化区,3500-6500,不限
民办,华南农业大学珠江学院,19,24,普通批,戏剧影视导演,政治 / 英语,艺术概论,影视导演基础,校考,49800,广州市从化区,3500-6500,不限
民办,华南农业大学珠江学院,20,25,普通批,电影学,政治 / 英语,艺术概论,电影理论基础,校考,49800,广州市从化区,3500-6500,不限
民办,华南农业大学珠江学院,21,26,普通批,广播电视编导,政治 / 英语,艺术概论,广播电视概论,校考,49800,广州市从化区,3500-6500,不限
民办,华南农业大学珠江学院,22,27,普通批,传播学,政治 / 英语,大学语文,传播学专业综合,校考,35000,广州市从化区,3500-6500,不限
民办,华南农业大学珠江学院,23,61,普通批,风景园林,政治 / 英语,艺术概论,风景园林概论,校考,35000,广州市从化区,3500-6500,不限
民办,华南农业大学珠江学院,24,62,普通批,日语,政治,大学语文,基础日语，专业课：日语阅读与写作,校考,35000,广州市从化区,3500-6500,不限
民办,广州商学院,01,001,普通批,国际经济与贸易,政治 / 英语,经济学,国际贸易理论与实务,统考,32800,校本部,1800-8000,不限
民办,广州商学院,02,002,普通批,市场营销,政治 / 英语,管理学,市场营销学,统考,32800,校本部,1800-8000,不限
民办,广州商学院,03,022,普通批,物流管理,政治 / 英语,管理学,物流学概论,校考,29800,校本部,1800-8000,不限
民办,广州商学院,04,023,普通批,旅游管理,政治 / 英语,管理学,旅游学概论,校考,32800,校本部,1800-8000,不限
民办,广州商学院,05,024,普通批,会计学,政治 / 英语,管理学,基础会计学,统考,33800,校本部,1800-8000,不限
民办,广州商学院,06,025,普通批,审计学,政治 / 英语,管理学,审计学,校考,32800,校本部,1800-8000,不限
民办,广州商学院,07,026,普通批,英语,政治 / 英语,大学语文,英语基础与写作,统考,32800,校本部,1800-8000,不限
民办,广州商学院,08,027,普通批,日语,政治,大学语文,综合日语，专业课：日语阅读,校考,32800,校本部,1800-8000,不限
民办,广州商学院,09,28,普通批,法学,政治 / 英语,民法,法理学,统考,33800,校本部,1800-8000,不限
民办,广州商学院,10,29,普通批,计算机科学与技术,政治 / 英语,高等数学,计算机基础与程序设计,统考,33800,校本部,1800-8000,不限
民办,广州商学院,11,31,普通批,人工智能（产教融合创新班）,政治 / 英语,高等数学,程序设计基础,校考,36800,校本部,1800-8000,不限
民办,广州商学院,11,32,普通批,数据科学与大数据技术（产教融合创新班）,政治 / 英语,高等数学,程序设计基础,校考,36800,校本部,1800-8000,不限
民办,广州商学院,12,33,普通批,电子商务（产教融合创新班）,政治 / 英语,管理学,电子商务概论,统考,36800,校本部,1800-8000,不限
民办,广州商学院,13,34,普通批,视觉传达设计,政治 / 英语,艺术概论,设计基础,统考,35800,校本部,1800-8000,不限
民办,广州商学院,14,35,普通批,数字媒体艺术,政治 / 英语,艺术概论,分镜头故事板绘制,校考,35800,校本部,1800-8000,不限
民办,广州商学院,15,36,普通批,国际商务（中英双语创新班）,政治 / 英语,管理学,国际商务基础,校考,39800,校本部,1800-8000,不限
民办,广州商学院,24,37,普通批,会计学（中英双语创新班）,政治 / 英语,管理学,基础会计学,统考,39800,校本部,1800-8000,不限
民办,广州商学院,25,38,普通批,商务英语（中英双语创新班）,政治 / 英语,大学语文,英语基础与写作,统考,39800,校本部,1800-8000,不限
民办,广州商学院,26,30,普通批,软件工程（产教融合创新班）,政治 / 英语,高等数学,计算机基础与程序设计,统考,37800,校本部,1800-8000,不限
民办,广东培正学院,1,2,普通批,法学,政治 / 英语,民法,法理学,统考,32800,广州市花都区,3200-4500,不限
民办,广东培正学院,2,2,普通批,人力资源管理,政治 / 英语,管理学,人力资源管理,统考,32800,广州市花都区,3200-4500,不限
民办,广东培正学院,3,3,普通批,行政管理,政治 / 英语,管理学,行政管理学,统考,32800,广州市花都区,3200-4500,不限
民办,广东培正学院,4,4,普通批,电子商务,政治 / 英语,管理学,电子商务概论,统考,32800,广州市花都区,3200-4500,不限
民办,广东培正学院,5,5,普通批,物流管理,政治 / 英语,管理学,市场营销学,统考,32800,广州市花都区,3200-4500,不限
民办,广东培正学院,5,6,普通批,市场营销,政治 / 英语,管理学,市场营销学,统考,31800,广州市花都区,3200-4500,不限
民办,广东培正学院,5,7,普通批,工商管理,政治 / 英语,管理学,市场营销学,统考,32800,广州市花都区,3200-4500,不限
民办,广东培正学院,5,8,普通批,文化产业管理,政治 / 英语,管理学,市场营销学,统考,32800,广州市花都区,3200-4500,不限
民办,广东培正学院,5,9,普通批,旅游管理,政治 / 英语,管理学,市场营销学,统考,31800,广州市花都区,3200-4500,不限
民办,广东培正学院,6,10,普通批,大数据管理与应用,政治 / 英语,管理学,基础会计学,统考,32800,广州市花都区,3200-4500,不限
民办,广东培正学院,7,13,普通批,日语,政治,大学语文,"综合日语, 专业课: 商务日语与写作",校考,32800,广州市花都区,3200-4500,不限
民办,广东培正学院,8,14,普通批,商务英语,政治 / 英语,大学语文,英语基础与写作,统考,32800,广州市花都区,3200-4500,不限
民办,广东培正学院,8,15,普通批,英语,政治 / 英语,大学语文,英语基础与写作,统考,32800,广州市花都区,3200-4500,不限
民办,广东培正学院,9,16,普通批,秘书学,政治 / 英语,大学语文,汉语言文学学科基础,统考,32800,广州市花都区,3200-4500,不限
民办,广东培正学院,9,17,普通批,汉语国际教育,政治 / 英语,大学语文,汉语言文学学科基础,统考,32800,广州市花都区,3200-4500,不限
民办,广东培正学院,9,18,普通批,广告学,政治 / 英语,大学语文,汉语言文学学科基础,统考,32800,广州市花都区,3200-4500,不限
民办,广东培正学院,9,19,普通批,网络与新媒体,政治 / 英语,大学语文,汉语言文学学科基础,统考,32800,广州市花都区,3200-4500,不限
民办,广东培正学院,10,20,普通批,应用心理学,政治 / 英语,高等数学,数学专业综合,统考,33000,广州市花都区,3200-4500,不限
民办,广东培正学院,11,21,普通批,网络工程,政治 / 英语,高等数学,计算机基础与程序设计,统考,33000,广州市花都区,3200-4500,限招
民办,广东培正学院,11,22,普通批,软件工程,政治 / 英语,高等数学,计算机基础与程序设计,统考,33000,广州市花都区,3200-4500,限招
民办,广东培正学院,11,23,普通批,计算机科学与技术,政治 / 英语,高等数学,计算机基础与程序设计,统考,33000,广州市花都区,3200-4500,限招
民办,广东培正学院,12,24,普通批,视觉传达设计,政治 / 英语,艺术概论,设计基础,统考,36000,广州市花都区,3200-4500,不限
民办,广东培正学院,12,25,普通批,绘画,政治 / 英语,艺术概论,设计基础,统考,36000,广州市花都区,3200-4500,不限
民办,广东培正学院,12,26,普通批,环境设计,政治 / 英语,艺术概论,设计基础,统考,36000,广州市花都区,3200-4500,不限
民办,广东培正学院,12,27,普通批,服装与服饰设计,政治 / 英语,艺术概论,设计基础,统考,36000,广州市花都区,3200-4500,不限
民办,广东培正学院,12,28,普通批,工艺美术,政治 / 英语,艺术概论,设计基础,统考,36000,广州市花都区,3200-4500,不限
民办,广东培正学院,13,29,普通批,国际经济与贸易,政治 / 英语,经济学,国际贸易理论与实务,统考,32800,广州市花都区,3200-4500,不限
民办,广东培正学院,14,30,普通批,小学教育,政治 / 英语,教育理论,学前教育基础,统考,32800,广州市花都区,3200-4500,不限
民办,广东培正学院,14,31,普通批,学前教育,政治 / 英语,教育理论,学前教育基础,统考,32800,广州市花都区,3200-4500,不限
民办,广东培正学院,15,11,普通批,会计学,政治 / 英语,管理学,基础会计学,统考,32800,广州市花都区,3200-4500,限招
民办,广东培正学院,15,12,普通批,财务管理,政治 / 英语,管理学,基础会计学,统考,32800,广州市花都区,3200-4500,限招
民办,广州科技职业技术大学,01,001,普通批,建筑工程,政治 / 英语,高等数学,计算机基础与程序设计,统考,33000,广州校区,1400-3600,不限
民办,广州科技职业技术大学,01,002,普通批,计算机应用工程,政治 / 英语,高等数学,计算机基础与程序设计,统考,35000,广州校区,1400-3600,不限
民办,广州科技职业技术大学,01,003,普通批,大数据工程技术,政治 / 英语,高等数学,计算机基础与程序设计,统考,35000,广州校区,1400-3600,不限
民办,广州科技职业技术大学,01,004,普通批,数字媒体技术,政治 / 英语,高等数学,计算机基础与程序设计,统考,35000,广州校区,1400-3600,不限
民办,广州科技职业技术大学,01,005,普通批,数字印刷工程,政治 / 英语,高等数学,计算机基础与程序设计,统考,26800,广州校区,1400-3600,不限
民办,广州科技职业技术大学,02,006,普通批,应用英语,政治 / 英语,大学语文,英语基础与写作,统考,33000,广州校区,1400-3600,不限
民办,广州科技职业技术大学,03,007,普通批,网络与新媒体,政治 / 英语,大学语文,网络与新媒体基础,校考,35000,广州校区,1400-3600,不限
民办,广州科技职业技术大学,04,008,普通批,环境艺术设计,政治 / 英语,艺术概论,设计基础,统考,35000,广州校区,1400-3600,不限
民办,广州科技职业技术大学,04,009,普通批,建筑设计,政治 / 英语,艺术概论,设计基础,统考,33000,广州校区,1400-3600,不限
民办,广州科技职业技术大学,05,010,普通批,电气工程及其自动化,政治 / 英语,高等数学,电子技术基础,统考,35000,广州校区,1400-3600,不限
民办,广州科技职业技术大学,06,011,普通批,学前教育,政治 / 英语,教育理论,学前教育基础,统考,33000,广州校区,1400-3600,不限
民办,广州科技职业技术大学,07,012,普通批,电子商务,政治 / 英语,管理学,电子商务概论,统考,35000,广州校区,1400-3600,不限
民办,广州科技职业技术大学,08,013,普通批,物流工程技术,政治 / 英语,管理学,市场营销学,统考,33000,广州校区,1400-3600,不限
民办,广州科技职业技术大学,08,014,普通批,企业数字化管理,政治 / 英语,管理学,市场营销学,统考,33000,广州校区,1400-3600,不限
民办,广州科技职业技术大学,08,015,普通批,酒店管理,政治 / 英语,管理学,市场营销学,统考,33000,广州校区,1400-3600,不限
民办,广州科技职业技术大学,09,016,普通批,旅游管理,政治 / 英语,管理学,行政管理学,统考,33000,广州校区,1400-3600,不限
民办,广州科技职业技术大学,10,017,普通批,大数据与财务管理,政治 / 英语,管理学,基础会计学,统考,33000,广州校区,1400-3600,不限
民办,广州科技职业技术大学,11,018,普通批,国际经济与贸易,政治 / 英语,经济学,国际贸易理论与实务,统考,35000,广州校区,1400-3600,不限
民办,广州科技职业技术大学,12,019,普通批,护理,政治 / 英语,生理学,护理学基础,校考,35000,广州校区,1400-3600,限招
民办,广州科技职业技术大学,13,020,普通批,药学,政治 / 英语,生理学,药理学,校考,35000,广州校区,1400-3600,不限
民办,广州科技职业技术大学,14,021,普通批,中药学,政治 / 英语,生理学,中药学,统考,35000,广州校区,1400-3600,不限
民办,广州科技职业技术大学,15,022,普通批,康复治疗,政治 / 英语,生理学,康复治疗综合,校考,35000,广州校区,1400-3600,不限
民办,广州科技职业技术大学,16,023,普通批,智能制造工程技术,政治 / 英语,高等数学,机械工程基础,统考,31500,广州校区,1400-3600,不限
民办,广州科技职业技术大学,16,024,普通批,汽车服务工程技术,政治 / 英语,高等数学,机械工程基础,统考,26800,广州校区,1400-3600,不限
民办,广州科技职业技术大学,16,025,普通批,机械设计制造及自动化,政治 / 英语,高等数学,机械工程基础,统考,29800,广州校区,1400-3600,不限
民办,珠海科技学院,1,1,普通批,视觉传达设计,政治 / 英语,艺术概论,设计基础,统考,34000,珠海市,3000,限招
民办,珠海科技学院,2,2,普通批,动画,政治 / 英语,艺术概论,设计基础,统考,34000,珠海市,3000,限招
民办,珠海科技学院,3,3,普通批,市场营销,政治 / 英语,管理学,市场营销学,统考,31000,珠海市,3000,基本不限
民办,珠海科技学院,4,4,普通批,工商管理,政治 / 英语,管理学,市场营销学,统考,31000,珠海市,3000,基本不限
民办,珠海科技学院,5,5,普通批,人力资源管理,政治 / 英语,管理学,人力资源管理,统考,31000,珠海市,3000,基本不限
民办,珠海科技学院,6,6,普通批,会计学,政治 / 英语,管理学,基础会计学,统考,31000,珠海市,3000,基本不限
民办,珠海科技学院,7,7,普通批,财务管理,政治 / 英语,管理学,基础会计学,统考,31000,珠海市,3000,基本不限
民办,珠海科技学院,8,8,普通批,行政管理,政治 / 英语,管理学,行政管理学,统考,31000,珠海市,3000,基本不限
民办,珠海科技学院,9,9,普通批,电子商务,政治 / 英语,管理学,电子商务概论,统考,31000,珠海市,3000,基本不限
民办,珠海科技学院,10,10,普通批,电子信息科学与技术,政治 / 英语,高等数学,电子技术基础,统考,31000,珠海市,3000,限招
民办,珠海科技学院,11,11,普通批,通信工程,政治 / 英语,高等数学,电子技术基础,统考,31000,珠海市,3000,限招
民办,珠海科技学院,12,12,普通批,微电子科学与工程,政治 / 英语,高等数学,电子技术基础,统考,31000,珠海市,3000,限招
民办,珠海科技学院,13,13,普通批,自动化,政治 / 英语,高等数学,电子技术基础,统考,31000,珠海市,3000,限招
民办,珠海科技学院,14,14,普通批,无人驾驶航空器系统工程,政治 / 英语,高等数学,电子技术基础,统考,31000,珠海市,3000,限招
民办,珠海科技学院,15,15,普通批,飞行器设计与工程,政治 / 英语,高等数学,电子技术基础,统考,31000,珠海市,3000,限招
民办,珠海科技学院,16,16,普通批,机械设计制造及其自动化,政治 / 英语,高等数学,机械工程基础,统考,31000,珠海市,3000,限招
民办,珠海科技学院,17,17,普通批,车辆工程,政治 / 英语,高等数学,机械工程基础,统考,31000,珠海市,3000,限招
民办,珠海科技学院,18,18,普通批,机械电子工程,政治 / 英语,高等数学,机械工程基础,统考,31000,珠海市,3000,限招
民办,珠海科技学院,19,19,普通批,英语,政治 / 英语,大学语文,英语基础与写作,统考,31000,珠海市,3000,限招
民办,珠海科技学院,20,20,普通批,商务英语,政治 / 英语,大学语文,英语基础与写作,统考,31000,珠海市,3000,限招
民办,珠海科技学院,21,21,普通批,学前教育,政治 / 英语,教育理论,学前教育基础,统考,31000,珠海市,3000,限招
民办,珠海科技学院,22,22,普通批,国际经济与贸易,政治 / 英语,经济学,国际贸易理论与实务,统考,31000,珠海市,3000,基本不限
民办,珠海科技学院,23,23,普通批,投资学,政治 / 英语,经济学,金融学,统考,31000,珠海市,3000,基本不限
民办,珠海科技学院,24,24,普通批,金融学,政治 / 英语,经济学,金融学,统考,31000,珠海市,3000,基本不限
民办,珠海科技学院,25,25,普通批,金融工程,政治 / 英语,经济学,金融学,统考,31000,珠海市,3000,基本不限
民办,珠海科技学院,26,26,普通批,建筑学,政治 / 英语,高等数学,建筑概论,校考,31000,珠海市,3000,限招
民办,珠海科技学院,27,27,普通批,城乡规划,政治 / 英语,高等数学,城市设计基础,校考,31000,珠海市,3000,限招
民办,珠海科技学院,28,28,普通批,旅游管理,政治 / 英语,管理学,旅游学概论,校考,31000,珠海市,3000,基本不限
民办,珠海科技学院,29,29,普通批,酒店管理,政治 / 英语,管理学,旅游学概论,校考,31000,珠海市,3000,基本不限
民办,珠海科技学院,30,30,普通批,会展经济与管理,政治 / 英语,管理学,旅游学概论,校考,31000,珠海市,3000,基本不限
民办,珠海科技学院,31,31,普通批,劳动与社会保障,政治 / 英语,管理学,社会保障概论,校考,31000,珠海市,3000,基本不限
民办,珠海科技学院,32,32,普通批,社会工作,政治 / 英语,民法,社会工作综合能力,校考,31000,珠海市,3000,基本不限
民办,珠海科技学院,33,33,普通批,制药工程,政治 / 英语,高等数学,生物制药工艺学,校考,31000,珠海市,3000,限招
民办,珠海科技学院,34,34,普通批,药物制剂,政治 / 英语,生理学,药剂学,校考,31000,珠海市,3000,限招
民办,珠海科技学院,35,35,普通批,应用化学,政治 / 英语,高等数学,基础化学,校考,31000,珠海市,3000,限招
民办,珠海科技学院,36,36,普通批,化学工程与工艺,政治 / 英语,高等数学,基础化学,校考,31000,珠海市,3000,限招
民办,珠海科技学院,37,37,普通批,材料科学与工程,政治 / 英语,高等数学,材料科学与工程基础,校考,31000,珠海市,3000,限招
民办,珠海科技学院,38,38,普通批,食品质量与安全,政治 / 英语,高等数学,食品安全与卫生学,校考,31000,珠海市,3000,限招
民办,珠海科技学院,39,39,普通批,物流管理,政治 / 英语,管理学,物流学,校考,31000,珠海市,3000,基本不限
民办,珠海科技学院,40,40,普通批,物流工程,政治 / 英语,管理学,物流学,校考,31000,珠海市,3000,基本不限
民办,珠海科技学院,41,41,普通批,健康服务与管理,政治 / 英语,管理学,健康管理学,校考,31000,珠海市,3000,限招
民办,珠海科技学院,42,42,普通批,护理学,政治 / 英语,生理学,基础护理学,校考,31000,珠海市,3000,限招
民办,珠海科技学院,43,43,普通批,休闲体育,政治 / 英语,体育理论,休闲体育概论,校考,31000,珠海市,3000,限招
民办,珠海科技学院,44,44,普通批,音乐教育,政治 / 英语,艺术概论,声乐技能面试,校考,34000,珠海市,3000,限招
民办,珠海科技学院,45,45,普通批,音乐学(师范),政治 / 英语,艺术概论,声乐技能面试,校考,34000,珠海市,3000,限招
民办,珠海科技学院,46,46,普通批,音乐表演,政治 / 英语,艺术概论,钢琴技能面试,校考,34000,珠海市,3000,限招
民办,珠海科技学院,47,47,普通批,音乐学(师范),政治 / 英语,艺术概论,钢琴技能面试,校考,34000,珠海市,3000,限招
民办,珠海科技学院,48,48,普通批,音乐表演,政治 / 英语,艺术概论,管乐技能面试,校考,34000,珠海市,3000,限招
民办,珠海科技学院,49,49,普通批,音乐学(师范),政治 / 英语,艺术概论,管乐技能面试,校考,34000,珠海市,3000,限招
民办,珠海科技学院,50,50,普通批,音乐表演,政治 / 英语,艺术概论,弦乐技能面试,校考,34000,珠海市,3000,限招
民办,珠海科技学院,51,51,普通批,音乐学(师范),政治 / 英语,艺术概论,弦乐技能面试,校考,34000,珠海市,3000,限招
民办,珠海科技学院,52,52,普通批,音乐表演,政治 / 英语,艺术概论,民乐技能面试,校考,34000,珠海市,3000,限招
民办,珠海科技学院,53,53,普通批,音乐学(师范),政治 / 英语,艺术概论,民乐技能面试,校考,34000,珠海市,3000,限招
民办,东莞城市学院,01,001,普通批,环境工程,政治 / 英语,高等数学,环境学基础,校考,34800,校本部,1750-2800,不限
民办,东莞城市学院,02,002,普通批,工程造价,政治 / 英语,管理学,工程项目管理,校考,34800,校本部,1750-2800,不限
民办,东莞城市学院,03,003,普通批,人文地理与城乡规划,政治 / 英语,高等数学,城市规划原理,校考,34800,校本部,1750-2800,不限
民办,东莞城市学院,04,004,普通批,机械电子工程,政治 / 英语,高等数学,机械工程基础,统考,34800,校本部,1750-2800,不限
民办,东莞城市学院,04,006,普通批,机械设计制造及其自动化,政治 / 英语,高等数学,机械工程基础,统考,34800,校本部,1750-2800,不限
民办,东莞城市学院,05,005,普通批,电子信息工程,政治 / 英语,高等数学,电子技术基础,统考,34800,校本部,1750-2800,不限
民办,东莞城市学院,06,007,普通批,产品设计,政治 / 英语,艺术概论,设计基础,统考,36800,校本部,1750-2800,不限
民办,东莞城市学院,06,008,普通批,新媒体艺术,政治 / 英语,艺术概论,设计基础,统考,36800,校本部,1750-2800,不限
民办,东莞城市学院,06,009,普通批,视觉传达设计,政治 / 英语,艺术概论,设计基础,统考,36800,校本部,1750-2800,不限
民办,东莞城市学院,06,010,普通批,数字媒体艺术,政治 / 英语,艺术概论,设计基础,统考,36800,校本部,1750-2800,不限
民办,东莞城市学院,07,011,普通批,社会工作,政治 / 英语,民法,社会工作概论,校考,34800,校本部,1750-2800,不限
民办,东莞城市学院,08,012,普通批,行政管理,政治 / 英语,管理学,行政管理学,统考,34800,校本部,1750-2800,不限
民办,东莞城市学院,09,013,普通批,法学,政治 / 英语,民法,法理学,统考,35800,校本部,1750-2800,不限
民办,东莞城市学院,10,014,普通批,商务英语,政治 / 英语,大学语文,英语基础与写作,统考,34800,校本部,1750-2800,不限
民办,东莞城市学院,10,015,普通批,英语,政治 / 英语,大学语文,英语基础与写作,统考,34800,校本部,1750-2800,不限
民办,东莞城市学院,11,016,普通批,数据科学与大数据技术,政治 / 英语,高等数学,计算机基础与程序设计,统考,34800,校本部,1750-2800,不限
民办,东莞城市学院,11,017,普通批,物联网工程,政治 / 英语,高等数学,计算机基础与程序设计,统考,34800,校本部,1750-2800,不限
民办,东莞城市学院,11,018,普通批,软件工程,政治 / 英语,高等数学,计算机基础与程序设计,统考,35800,校本部,1750-2800,不限
民办,东莞城市学院,11,019,普通批,计算机科学与技术,政治 / 英语,高等数学,计算机基础与程序设计,统考,35800,校本部,1750-2800,不限
民办,东莞城市学院,12,020,普通批,电子商务,政治 / 英语,管理学,电子商务概论,统考,34800,校本部,1750-2800,不限
民办,东莞城市学院,13,021,普通批,国际经济与贸易,政治 / 英语,经济学,国际贸易理论与实务,统考,34800,校本部,1750-2800,不限
民办,东莞城市学院,14,022,普通批,人力资源管理,政治 / 英语,管理学,人力资源管理,统考,34800,校本部,1750-2800,不限
民办,东莞城市学院,15,023,普通批,物流管理,政治 / 英语,管理学,市场营销学,统考,34800,校本部,1750-2800,不限
民办,东莞城市学院,15,024,普通批,市场营销,政治 / 英语,管理学,市场营销学,统考,34800,校本部,1750-2800,不限
民办,东莞城市学院,15,025,普通批,工商管理,政治 / 英语,管理学,市场营销学,统考,34800,校本部,1750-2800,不限
民办,东莞城市学院,16,026,普通批,会计学,政治 / 英语,管理学,基础会计学,统考,35800,校本部,1750-2800,不限
民办,东莞城市学院,17,027,普通批,音乐表演,政治 / 英语,艺术概论,音乐表演专业测试,校考,38800,校本部,1750-2800,不限
民办,东莞城市学院,18,028,普通批,表演,政治 / 英语,艺术概论,表演专业测试,校考,38800,校本部,1750-2800,不限
民办,东莞城市学院,19,029,普通批,音乐学,政治 / 英语,艺术概论,音乐学专业测试,校考,37800,校本部,1750-2800,不限
民办,东莞城市学院,20,030,普通批,舞蹈编导,政治 / 英语,艺术概论,舞蹈基本功与专业测试,校考,38800,校本部,1750-2800,不限
民办,东莞城市学院,21,031,普通批,网络与新媒体,政治 / 英语,大学语文,汉语言文学学科基础,统考,34800,校本部,1750-2800,不限
民办,东莞城市学院,21,033,普通批,汉语言文学,政治 / 英语,大学语文,汉语言文学学科基础,统考,35800,校本部,1750-2800,不限
民办,东莞城市学院,22,032,普通批,小学教育,政治 / 英语,教育理论,汉语言文学学科基础,统考,34800,校本部,1750-2800,不限
民办,广州理工学院,01,001,普通批,电气工程及其自动化,政治 / 英语,高等数学,电子技术基础,统考,33800,广州校区,2800-3600,不限
民办,广州理工学院,01,002,普通批,电子信息工程,政治 / 英语,高等数学,电子技术基础,统考,33800,广州校区,2800-3600,不限
民办,广州理工学院,01,003,普通批,通信工程,政治 / 英语,高等数学,电子技术基础,统考,33800,广州校区,2800-3600,不限
民办,广州理工学院,01,004,普通批,自动化,政治 / 英语,高等数学,电子技术基础,统考,33800,广州校区,2800-3600,不限
民办,广州理工学院,02,005,普通批,机械设计制造及其自动化,政治 / 英语,高等数学,机械工程基础,统考,33800,广州校区,2800-3600,不限
民办,广州理工学院,02,006,普通批,机器人工程,政治 / 英语,高等数学,机械工程基础,统考,33800,广州校区,2800-3600,不限
民办,广州理工学院,02,007,普通批,智能制造工程,政治 / 英语,高等数学,机械工程基础,统考,33800,广州校区,2800-3600,不限
民办,广州理工学院,02,008,普通批,车辆工程,政治 / 英语,高等数学,机械工程基础,统考,33800,广州校区,2800-3600,不限
民办,广州理工学院,03,009,普通批,计算机科学与技术,政治 / 英语,高等数学,计算机基础与程序设计,统考,33800,广州校区,2800-3600,不限
民办,广州理工学院,03,010,普通批,网络工程,政治 / 英语,高等数学,计算机基础与程序设计,统考,33800,广州校区,2800-3600,不限
民办,广州理工学院,03,011,普通批,软件工程,政治 / 英语,高等数学,计算机基础与程序设计,统考,33800,广州校区,2800-3600,不限
民办,广州理工学院,03,012,普通批,数据科学与大数据技术,政治 / 英语,高等数学,计算机基础与程序设计,统考,33800,广州校区,2800-3600,不限
民办,广州理工学院,04,013,普通批,数字媒体技术,政治 / 英语,高等数学,数字媒体技术导论,校考,33800,广州校区,2800-3600,不限
民办,广州理工学院,05,014,普通批,工程造价,政治 / 英语,管理学,工程项目管理,校考,33800,广州校区,2800-3600,不限
民办,广州理工学院,05,015,普通批,工程管理,政治 / 英语,管理学,工程项目管理,校考,33800,广州校区,2800-3600,不限
民办,广州理工学院,06,016,普通批,土木工程,政治 / 英语,高等数学,建筑材料,校考,33800,广州校区,2800-3600,不限
民办,广州理工学院,07,017,普通批,建筑环境与能源应用工程,政治 / 英语,高等数学,建筑设备,校考,33800,广州校区,2800-3600,不限
民办,广州理工学院,08,018,普通批,市场营销,政治 / 英语,管理学,市场营销学,统考,32800,广州校区,2800-3600,不限
民办,广州理工学院,09,019,普通批,物流管理,政治 / 英语,管理学,物流基础,校考,32800,广州校区,2800-3600,不限
民办,广州理工学院,10,020,普通批,人力资源管理,政治 / 英语,管理学,人力资源管理,统考,33800,广州校区,2800-3600,不限
民办,广州理工学院,11,021,普通批,电子商务,政治 / 英语,管理学,电子商务概论,统考,33800,广州校区,2800-3600,不限
民办,广州理工学院,12,022,普通批,会计学,政治 / 英语,管理学,基础会计学,统考,33800,广州校区,2800-3600,不限
民办,广州理工学院,13,023,普通批,财务管理,政治 / 英语,管理学,基础会计学,统考,33800,广州校区,2800-3600,不限
民办,广州理工学院,14,024,普通批,国际经济与贸易,政治 / 英语,经济学,国际贸易理论与实务,统考,33800,广州校区,2800-3600,不限
民办,广州理工学院,15,025,普通批,英语,政治 / 英语,大学语文,英语基础与写作,统考,33800,广州校区,2800-3600,不限
民办,广州理工学院,15,026,普通批,商务英语,政治 / 英语,大学语文,英语基础与写作,统考,33800,广州校区,2800-3600,不限
民办,广州理工学院,16,027,普通批,日语,政治,大学语文,"基础日语,专业课:日语阅读与写作",校考,33800,广州校区,2800-3600,不限
民办,广州理工学院,17,028,普通批,汉语言文学,政治 / 英语,大学语文,汉语言文学学科基础,统考,33800,广州校区,2800-3600,不限
民办,广州理工学院,17,029,普通批,网络与新媒体,政治 / 英语,大学语文,汉语言文学学科基础,统考,33800,广州校区,2800-3600,不限
民办,广州理工学院,18,030,普通批,视觉传达设计,政治 / 英语,艺术概论,设计基础,统考,37000,广州校区,2800-3600,限招
民办,广州理工学院,18,031,普通批,环境设计,政治 / 英语,艺术概论,设计基础,统考,37000,广州校区,2800-3600,限招
民办,广州理工学院,18,032,普通批,数字媒体艺术,政治 / 英语,艺术概论,设计基础,统考,37000,广州校区,2800-3600,限招
民办,广州理工学院,18,033,普通批,产品设计,政治 / 英语,艺术概论,设计基础,统考,37000,广州校区,2800-3600,限招
民办,广州理工学院,19,034,普通批,音乐表演,政治 / 英语,艺术概论,音乐技能表演,校考,37000,广州校区,2800-3600,限招
民办,广州理工学院,20,035,普通批,舞蹈表演,政治 / 英语,艺术概论,舞蹈表演技能,校考,37000,广州校区,2800-3600,限招
民办,广州城市理工学院,28,1,普通批,交通工程,政治 / 英语,高等数学,电子技术基础,统考,30000,校本部,2800-4000,不限
民办,广州城市理工学院,28,2,普通批,电子信息工程,政治 / 英语,高等数学,电子技术基础,统考,30000,校本部,2800-4000,不限
民办,广州城市理工学院,28,3,普通批,通信工程,政治 / 英语,高等数学,电子技术基础,统考,30000,校本部,2800-4000,不限
民办,广州城市理工学院,28,4,普通批,电气工程及其自动化,政治 / 英语,高等数学,电子技术基础,统考,30000,校本部,2800-4000,不限
民办,广州城市理工学院,29,5,普通批,电子商务,政治 / 英语,管理学,电子商务概论,统考,30000,校本部,2800-4000,不限
民办,广州城市理工学院,29,6,普通批,供应链管理,政治 / 英语,管理学,电子商务概论,统考,30000,校本部,2800-4000,不限
民办,广州城市理工学院,30,7,普通批,国际经济与贸易,政治 / 英语,经济学,国际贸易理论与实务,统考,30000,校本部,2800-4000,不限
民办,广州城市理工学院,30,8,普通批,国际经济与贸易（跨境电商和国际物流）,政治 / 英语,经济学,国际贸易理论与实务,统考,30000,校本部,2800-4000,不限
民办,广州城市理工学院,31,9,普通批,机械工程,政治 / 英语,高等数学,机械工程基础,统考,30000,校本部,2800-4000,不限
民办,广州城市理工学院,31,10,普通批,机械电子工程,政治 / 英语,高等数学,机械工程基础,统考,30000,校本部,2800-4000,不限
民办,广州城市理工学院,32,11,普通批,会计学,政治 / 英语,管理学,基础会计学,统考,31000,校本部,2800-4000,不限
民办,广州城市理工学院,33,12,普通批,财务管理,政治 / 英语,管理学,基础会计学,统考,30000,校本部,2800-4000,不限
民办,广州城市理工学院,33,13,普通批,会计学（注册会计师）,政治 / 英语,管理学,基础会计学,统考,31000,校本部,2800-4000,不限
民办,广州城市理工学院,33,14,普通批,工业设计,政治 / 英语,高等数学,计算机基础与程序设计,统考,30000,校本部,2800-4000,不限
民办,广州城市理工学院,33,15,普通批,计算机科学与技术,政治 / 英语,高等数学,计算机基础与程序设计,统考,31000,校本部,2800-4000,不限
民办,广州城市理工学院,33,16,普通批,软件工程,政治 / 英语,高等数学,计算机基础与程序设计,统考,31000,校本部,2800-4000,不限
民办,广州城市理工学院,33,17,普通批,数据科学与大数据技术,政治 / 英语,高等数学,计算机基础与程序设计,统考,31000,校本部,2800-4000,不限
民办,广州城市理工学院,33,18,普通批,建筑学（智慧人居环境方向）,政治 / 英语,高等数学,计算机基础与程序设计,统考,30000,校本部,2800-4000,不限
民办,广州城市理工学院,34,19,普通批,经济学,政治 / 英语,经济学,金融学,统考,30000,校本部,2800-4000,不限
民办,广州城市理工学院,34,20,普通批,金融工程,政治 / 英语,经济学,金融学,统考,30000,校本部,2800-4000,不限
民办,广州城市理工学院,34,21,普通批,投资学,政治 / 英语,经济学,金融学,统考,30000,校本部,2800-4000,不限
民办,广州城市理工学院,35,22,普通批,人力资源管理,政治 / 英语,管理学,人力资源管理,统考,30000,校本部,2800-4000,不限
民办,广州城市理工学院,36,23,普通批,服装与服饰设计,政治 / 英语,艺术概论,设计基础,统考,31000,校本部,2800-4000,不限
民办,广州城市理工学院,36,24,普通批,产品设计,政治 / 英语,艺术概论,设计基础,统考,31000,校本部,2800-4000,不限
民办,广州城市理工学院,37,25,普通批,宝石及材料工艺学,政治 / 英语,高等数学,市场营销学,统考,30000,校本部,2800-4000,不限
民办,广州城市理工学院,38,26,普通批,工商管理,政治 / 英语,管理学,市场营销学,统考,30000,校本部,2800-4000,不限
民办,广州城市理工学院,38,27,普通批,市场营销,政治 / 英语,管理学,市场营销学,统考,30000,校本部,2800-4000,不限
民办,广州城市理工学院,39,28,普通批,英语,政治 / 英语,大学语文,英语基础与写作,统考,30000,校本部,2800-4000,不限
民办,广州城市理工学院,39,29,普通批,商务英语,政治 / 英语,大学语文,英语基础与写作,统考,30000,校本部,2800-4000,不限
民办,广州城市理工学院,40,62,普通批,土木工程,政治 / 英语,高等数学,工程力学,校考,30000,校本部,2800-4000,不限
民办,广州城市理工学院,41,63,普通批,建筑学（城市更新方向）,政治 / 英语,高等数学,建筑设计综合,校考,30000,校本部,2800-4000,不限
